attr0,attr1,attr2,attr3,attr4,attr5,attr6,attr7,attr8,attr9,attr10,attr11,attr12,attr13,attr14,attr15,attr16,attr17,attr18,attr19,attr20,attr21,attr22,attr23,attr24,attr25,attr26,attr27,attr28,attr29,attr30,attr31,attr32,attr33,attr34,attr35,attr36,attr37,revenue
1.409005,2.382755,0.313917,1.29686,0.781034,-0.456427,1.123168,0.806068,0.407097,0.918897,-0.824634,0.79017,-1.236238,-0.213127,-0.399084,0.265721,1.018468,-0.499254,0.084687,-0.124037,0.05578,-0.20063,-0.645729,0.10197,-0.320311,0.710448,0.882396,-0.667844,-0.285182,-0.486951,0.010425,0.032978,0.278868,0.709299,0.09539,-0.249614,-0.187803,4,5653753.0
-2.607096,-0.673573,-0.238353,-0.240045,1.197836,0.775075,0.516078,-0.074845,-0.666304,-0.070705,-0.702218,0.267625,-0.269234,0.270442,-0.154484,0.440349,0.124753,0.080459,-0.187215,-0.307492,0.340653,0.036998,0.109338,-0.122579,0.116534,0.01297,0.107098,0.231971,-0.001802,-0.192889,0.007182,-0.10057,-0.063693,-0.05811,-0.01709,0.053197,0.004313,0,6923131.0
-2.685907,0.356102,1.621295,1.6065,-1.524617,-0.065299,0.360061,0.206662,-0.490567,1.091432,0.010737,-1.058068,0.978161,0.687276,1.567043,0.286508,-0.317275,-0.376934,-0.3525,0.124794,-0.097879,0.017963,0.224946,0.053274,0.121636,0.13925,-0.282789,0.054571,0.029389,0.034886,0.085932,0.015307,0.02791,0.107536,0.035635,-0.05798,0.117722,0,2055379.0
11.851963,-1.181414,4.070891,-0.647023,-1.457373,-0.9861,-0.259164,0.782035,-0.053597,0.724971,1.707792,3.690869,-1.438244,0.0012,0.683009,0.461436,0.145332,-0.976785,0.564177,0.958415,-0.102521,0.020361,1.355978,-1.273091,0.10915,0.643783,-0.328677,-0.949434,-0.347817,-0.16083,0.051128,-0.132955,1.099681,1.048128,0.726627,0.96564,0.08103,6,2675511.0
0.424944,2.614258,1.79799,0.815208,-0.494657,-0.062312,0.130549,-0.450666,-0.318207,1.250764,-0.093261,-1.246171,-0.363166,-0.28035,0.150264,-0.161708,0.680433,-0.211477,-0.491082,0.019401,-0.202071,-0.187829,0.373964,0.091807,0.113803,0.089067,-0.338011,-0.018552,-0.067848,-0.167772,-0.061109,0.360254,-0.107179,0.174374,0.367852,-0.002515,0.231305,3,4316715.0
2.314012,-6.966362,0.172141,0.38399,0.276058,-0.638285,1.817665,3.237021,1.378477,0.703578,1.547742,-1.49987,2.625923,-0.622993,0.457355,-1.605963,-1.204837,0.79127,0.451312,2.255198,-2.340157,0.825909,-0.470043,-0.009263,-1.192232,-0.063003,-0.620005,-0.642582,-0.641358,0.665139,0.282404,0.399252,-0.024757,0.856198,-0.766478,-0.383153,0.004995,0,5017319.0
2.038441,3.626009,1.47321,0.803073,1.121804,1.108773,0.277711,0.048131,0.182859,-0.899197,0.678117,-0.996474,0.145901,-0.518356,0.529413,0.094388,-0.172599,-0.636787,0.797219,1.029034,0.185609,-0.078702,0.276924,0.465985,0.296613,-0.142524,-0.184922,0.102982,0.163759,0.573099,-0.119765,-0.200702,0.332423,-0.381616,0.165357,0.279038,-0.272678,4,5166635.0
-1.935788,0.406513,-1.913593,1.831908,-0.888291,0.700788,0.942251,0.829224,-0.450477,0.234851,0.220291,0.266966,0.43855,0.060255,0.280653,-0.241084,0.114754,0.846057,0.456932,0.063227,0.079761,-0.042858,-0.031367,0.199419,0.105839,-0.101252,-0.347345,-0.010808,0.086529,0.042608,-0.064089,0.112004,0.041215,-0.009934,-0.005135,-0.095226,0.097153,0,4491607.0
0.353138,3.955794,2.976752,0.420789,-0.384778,0.102483,-0.602274,-0.838823,0.556368,-0.49373,0.436642,0.288086,0.417722,-1.146772,0.096729,0.022647,-1.007632,-0.459297,0.014423,-0.811694,0.55506,-1.230551,0.00607,-0.239045,-0.027937,-0.28947,-0.02608,-0.110435,-0.420564,-0.083616,0.290568,0.229892,-0.016594,0.038755,0.063819,0.723004,-0.039201,5,4952497.0
2.791416,-6.811429,2.876307,2.959593,-1.501635,-0.416238,-0.199364,0.105317,0.094672,0.1081,-0.506852,0.289558,2.475715,0.186797,-1.918412,-1.947938,0.079819,-0.209219,-1.332898,1.566834,1.090244,-0.318302,0.237156,0.124157,-0.036429,-0.582192,0.682213,0.413896,0.100775,0.316829,0.059092,-0.365751,0.418692,0.454638,-0.031868,-0.080784,0.412639,0,5444227.0
4.448776,-9.056263,-2.539906,0.233833,-2.351133,-0.239021,-1.581455,-0.802341,0.852282,-1.11844,0.319643,0.193133,-0.027731,-1.272045,-0.834729,-0.78232,-0.248385,-2.369659,-1.501854,0.084755,0.720816,-0.080379,0.140671,0.335003,-0.167647,0.137231,-0.463327,-0.165201,0.193456,-0.021677,0.223403,-0.309747,0.012274,0.431684,0.017714,0.018312,0.132044,0,3745135.0
2.021041,2.690569,1.461106,0.930965,0.714332,1.018827,0.649453,0.538504,-0.052572,-0.423448,1.168804,-0.638934,-0.260627,-0.182357,0.397249,-0.449052,-0.626622,-0.753611,0.200855,0.472494,-0.296619,0.055676,-0.205911,0.62365,0.043873,-0.534295,-0.362964,-0.038493,-0.626359,0.526733,0.296535,-0.523134,0.704377,-0.191972,-0.044025,0.370858,-0.001252,2,5161370.0
-2.496034,0.498476,0.929543,1.585703,-1.566834,0.479872,0.425592,0.452046,-0.500376,-1.259452,-0.333621,0.57211,-0.303098,-0.255916,0.028358,-0.016803,0.058608,0.516844,-0.155967,0.419034,-0.1978,-0.122526,0.165396,0.362853,0.574578,0.327206,-0.097151,-0.219817,0.008682,0.04692,0.162357,0.222266,-0.026859,-0.29555,0.107416,-0.121968,-0.259758,0,1734634.0
-2.455561,-0.873332,-0.143096,-0.320146,0.954622,0.87434,0.504811,0.181855,-0.547477,-0.367237,0.120748,-0.062369,-0.382548,0.460419,0.232114,0.258235,-0.226972,0.0358,-0.096411,-0.205112,0.029087,-0.013445,0.001752,-0.150046,0.029314,-0.033675,0.146316,-0.025012,0.212792,0.011233,-0.139295,-0.194466,0.052025,-0.078308,0.146976,-0.009206,0.095142,0,4807746.0
-3.008978,-0.325056,0.751242,-0.739869,-0.196066,0.37135,-0.819767,-1.067184,-0.255759,0.018103,0.025691,0.574554,0.230996,-0.509903,0.334177,-0.096299,-0.002519,0.207769,0.013369,0.214141,0.244535,-0.207717,0.205995,0.199495,0.529075,0.615472,-0.024093,0.026401,0.014678,0.100182,0.086249,0.271775,0.012851,-0.330521,0.165836,-0.039267,-0.156001,0,1999097.0
13.267926,-0.416693,2.521436,0.466967,3.724891,1.726213,0.425051,0.145946,0.331921,-0.041931,2.476048,0.073677,1.734416,0.144536,0.31198,2.731786,-3.017125,-0.572862,0.852717,0.118301,-0.70583,-1.309697,0.104944,-0.397965,0.204478,-2.220916,-0.347074,1.644575,1.360556,0.662184,1.887723,-0.205259,-0.482334,-2.072216,-0.830616,-0.409481,0.071566,4,3218918.0
-2.695051,-0.33583,-0.521777,-0.231105,1.777509,-0.440664,0.743169,1.099455,1.334394,-0.006691,-0.141653,-0.216591,-0.296123,1.118948,0.355633,-0.537902,-0.234455,-0.059281,0.25112,0.499296,-0.532529,-0.031641,0.020178,0.149888,-0.245381,-0.389566,-0.236109,-0.664289,0.287012,0.012099,0.237727,-0.409991,-0.028273,0.287017,-0.100555,-0.184553,-0.012887,0,19696939.0
-3.051695,-0.212157,0.383938,-0.600786,0.533714,0.381974,0.562853,0.829794,0.017732,-0.662773,0.243723,-0.017467,0.124774,0.36356,0.672142,0.151176,0.039306,0.134362,-0.782537,0.877394,0.912979,-0.111741,-0.018502,-0.150854,-0.154908,-0.42145,0.024592,-0.405914,0.395044,0.066953,0.124548,-0.102318,0.094128,0.204679,0.004809,-0.120762,0.019872,0,8213524.0
1.859467,3.187111,0.264549,0.99573,0.549985,1.395558,0.419586,-0.47761,-1.139099,-0.12537,-0.041054,0.082833,-0.489745,-0.453261,-0.861498,1.236255,0.072877,-0.739957,0.513097,-0.146176,-0.07928,-0.925305,0.001388,-0.097422,-0.127183,0.480155,0.06975,-0.546239,-0.351258,0.140754,-0.108765,-0.174209,0.736295,-0.224329,-0.119629,-0.115865,0.01368,2,5337526.0
-2.965152,1.033746,0.82972,1.547966,-1.191506,-0.021747,0.010398,-0.233983,0.045364,0.477428,0.59954,-0.069049,0.340925,1.306002,-0.351585,-0.455591,-0.26636,0.468262,0.067692,-0.366849,0.193348,0.29033,-0.112369,0.04974,0.207373,0.125864,-0.462497,0.553443,-0.240003,-0.048729,-0.129038,0.124338,0.023217,-0.001608,-0.082847,0.07142,0.162498,0,2021934.0
1.85918,2.883643,1.488095,0.178573,-1.189214,-0.243571,-0.351257,-0.554861,-0.084958,0.107995,-0.004075,-0.91665,-0.690798,0.447245,0.098628,-0.564018,0.655233,-0.133269,0.039663,0.716347,-0.066012,0.952603,-0.517466,0.278675,0.103521,0.097537,0.447409,0.200968,1.074764,-0.377091,-0.337506,-0.176057,-0.010062,-0.065109,-0.20748,0.221214,-0.022206,4,5525735.0
-2.771263,-0.073068,-1.717979,-0.811344,-0.364084,0.788676,0.74794,0.726993,-1.07553,0.053896,0.426106,0.136614,-0.233091,0.198281,-0.552245,-0.354834,-0.164071,0.364825,0.059086,0.160148,-0.190426,-0.151314,-0.032024,-0.106083,-0.276618,-0.13749,-0.031886,-0.131859,0.310374,0.343374,-0.153908,0.058465,0.136844,-0.191643,0.034968,-0.178133,0.017045,0,1149870.0
3.10976,-8.164751,1.177723,1.145274,1.508558,0.153621,-0.650568,-1.238104,0.456742,0.619123,-0.356975,0.098979,0.633249,-0.169138,-0.640127,-0.529476,-0.483679,0.186961,0.36538,0.027018,-0.576274,0.066643,-0.517119,0.209369,0.660666,0.15078,0.244464,-0.158272,-0.010401,-0.055095,-0.546844,-0.456097,0.079644,-0.436172,0.190777,0.087819,0.050298,0,3956086.0
-3.220992,0.174076,-0.036184,-1.193622,-0.893266,-0.668006,-0.101214,0.14202,0.517305,0.37703,0.742719,-0.258941,-0.410144,0.564469,-0.101961,0.037671,-0.254394,0.736772,0.194905,0.479427,-0.174497,0.134425,-0.062563,-0.09397,-0.085182,0.114961,-0.025277,-0.122352,-0.156471,-0.111078,0.459508,-0.041965,-0.03406,0.33639,-0.160578,-0.122108,-0.012691,0,2999068.0
2.418767,3.301987,0.411454,0.506668,-0.199912,0.356189,1.296346,0.953822,-1.106772,0.814725,-0.420073,-0.491665,-0.216305,0.22528,-0.035245,-0.455666,-0.342608,-1.350314,0.558226,-0.156333,1.032799,0.756676,-0.427746,0.183392,-0.245585,0.568948,0.270711,-0.668608,0.189632,-0.038609,0.158942,-0.326558,-0.165924,0.077039,0.213915,-0.422604,-0.020444,2,8904084.0
-2.460864,-1.123816,1.030859,-0.740735,-0.335388,-0.056629,-0.256546,-0.319475,0.109669,0.051615,0.790908,0.082103,0.440162,0.509991,-0.647075,-0.172752,0.177755,0.595981,-0.166322,-0.069969,0.937419,0.267239,-0.229552,-0.342414,0.026516,-0.449028,-0.098509,-0.09377,-0.003924,-0.166511,0.000723,0.088751,-0.140103,0.005965,-0.006031,0.138416,-0.221007,0,3778621.0
1.761391,2.546639,-0.610063,0.669533,-0.581797,0.253048,1.020641,1.13038,-0.156474,0.184381,0.469098,0.657988,0.077523,-0.148708,0.211902,0.456634,-0.395039,-0.12004,0.998846,0.728059,0.079301,-0.143518,-0.027943,-0.831836,0.147423,0.206278,0.068884,-0.341147,0.094748,-0.489218,0.520327,-0.729591,-0.207734,0.404187,0.022817,-0.064081,-0.177578,1,2267425.0
-2.102852,-0.678361,-2.390527,-0.482077,0.42767,-0.620537,-0.791067,-1.136152,1.056889,0.891044,-1.002794,0.63469,-0.776142,-0.368605,-0.087312,0.880323,0.665067,-0.256594,0.107692,-0.629788,-0.296426,0.050493,0.488322,0.346291,0.032347,0.376769,-0.019252,0.384252,-0.344666,-0.038321,-0.031141,0.277698,-0.007596,-0.012825,-0.036276,-0.006699,0.034942,0,5435276.0
2.079312,3.637748,-1.271929,1.009768,1.61369,0.014034,0.551645,0.09072,0.806985,0.439458,-1.249391,0.242104,-0.027184,0.072401,-0.471931,0.32611,-0.629186,-0.331431,0.601712,-0.188396,0.476724,-0.654904,0.254595,-0.018914,0.146009,-0.074695,-0.276272,0.510397,-0.048316,0.41604,0.223938,-0.505589,0.153523,-0.398648,0.185934,0.038669,-0.408007,4,4705945.0
-4.096859,1.270044,0.582264,-1.363825,-0.787574,-0.717352,0.563556,1.198336,0.786487,-1.456035,-0.376183,0.59116,-0.538187,-0.781235,0.219809,-0.645178,-0.206324,0.859919,0.757868,-0.255121,0.180011,-0.185676,-0.026907,0.019736,-0.438865,0.158045,-0.085434,0.269132,-0.1471,0.331362,0.14021,0.548416,0.024387,-0.123369,-0.164438,-0.052943,-0.0586,0,3447890.0
-3.553622,1.455736,2.359757,1.354637,-1.73564,-0.530775,-0.494073,-0.566853,0.406099,-0.497352,-0.842679,0.234339,-0.009154,-0.498794,0.555884,-0.302673,-0.278946,-0.257367,-0.044416,-0.758274,-0.678941,0.005692,0.518985,0.152186,-0.37302,0.155502,0.031347,0.066009,-0.049349,0.190428,0.183196,0.214377,-0.112341,-0.118344,-0.037838,-0.033747,-0.059707,0,3008199.0
1.26679,2.584249,0.827224,0.992803,0.45275,1.207218,0.548677,-0.032482,-0.687582,-0.608312,0.344846,-0.824198,0.05976,0.325869,-0.091308,0.733335,-0.076086,-0.074481,0.013902,0.042459,0.225539,-0.75833,0.139091,-0.770338,0.038792,-0.417425,-0.20581,0.421592,-0.350694,0.598902,0.226774,-0.550961,0.322331,0.109964,0.162325,-0.041901,-0.471736,3,2058644.0
-3.323224,0.066239,0.625488,-1.119816,-0.959458,-0.841988,0.257851,0.44598,-0.024092,1.011459,-0.016648,-0.62223,0.211259,0.925359,-0.26048,-0.335805,0.015301,-0.153384,0.385216,0.232158,-0.489606,-0.11817,0.200011,0.067726,-0.028504,0.079842,-0.108821,0.166096,-0.220255,0.053557,0.303531,0.097078,-0.009425,0.15798,-0.106657,-0.077257,-0.062699,0,3261924.0
-3.053393,-0.462167,1.296808,-0.759591,-0.288483,0.286511,-0.450764,-0.659763,-0.41715,0.202067,0.260664,0.213862,0.612913,0.081746,-0.292496,-0.178795,0.059008,0.005808,-0.190456,0.092586,0.013904,0.129615,0.114209,0.040018,0.318045,0.214948,-0.075253,0.17912,-0.188931,-0.057544,0.043314,0.074009,-0.038618,-0.071626,-0.014077,0.042892,-0.049914,0,2371202.0
-2.535163,-0.577153,-0.861373,-0.592181,0.437485,0.817376,0.580131,0.435971,-0.423908,-0.40732,0.644402,-0.165867,-0.582459,0.191022,0.475648,0.483288,-0.486907,0.506634,-0.19355,-0.045791,-0.187307,0.1874,-0.198615,-0.206457,-0.20844,-0.01998,0.35461,0.091232,-0.134712,0.042807,-0.181758,0.104669,0.03368,-0.081692,0.052298,0.006386,0.050665,0,4100886.0
1.543204,2.868213,-1.080595,0.827927,0.12505,-1.145149,-0.533348,-0.830881,1.756464,0.829599,-0.884127,-0.526932,-1.539011,-0.124445,-0.206848,0.386568,0.901778,-0.294446,-0.553304,-0.276545,-0.076647,-0.306834,-0.017332,0.033308,-0.38262,0.342076,0.262178,-0.030766,-0.113632,0.244609,-0.007076,0.367873,0.172565,0.271382,0.092958,0.12633,0.157874,3,3903884.0
-2.09806,-0.999894,-1.133636,0.073541,1.996402,1.271661,-0.146665,-0.479716,0.179887,-0.681614,0.368836,0.789702,-0.195147,0.128018,0.099766,0.163177,0.442933,-0.011586,0.472219,0.120435,-0.734266,0.028999,0.088876,0.327681,-0.088731,-0.041474,-0.221528,-0.002757,0.066643,0.032446,-0.254108,-0.075416,0.061203,0.112302,-0.124804,-0.054727,0.217291,0,3028267.0
0.333251,2.382313,1.517621,1.398733,0.965615,1.063249,0.21367,0.196096,-0.079525,-0.461677,0.811348,1.573651,-0.332581,0.557817,0.927624,0.23228,-0.264404,-1.314545,0.38704,0.439978,-0.508409,-0.646283,-0.039993,0.368887,-0.265946,0.311379,-0.214366,-0.201298,-0.381411,-0.089924,0.046427,0.486341,0.074071,0.181922,-0.02099,0.257606,-0.129561,1,2740687.0
-2.726756,-0.447152,-0.30123,-0.450464,0.867766,0.609249,0.659419,0.927826,0.060263,-0.38248,0.948889,-0.383603,0.046851,1.007509,0.406192,-0.554454,-0.328717,-0.154531,0.276557,0.594141,-0.623566,-0.005137,-0.104499,0.028085,-0.286518,-0.358199,-0.3605,-0.590534,0.336626,-0.014841,0.2168,-0.397115,-0.040203,0.328398,-0.140264,-0.155403,0.059865,0,5461700.0
1.040394,3.009822,-0.597028,0.588959,-0.320467,0.341375,0.618313,0.593882,-0.151256,-0.603954,-0.263532,-0.669995,0.101435,0.981139,-0.102009,-0.21024,-0.094067,0.375603,0.48027,0.566281,-0.415633,0.075799,-0.214125,-0.6622,-0.274031,0.042879,-0.134255,-0.216617,0.393161,0.232687,-0.325002,-0.167659,-0.049231,0.144759,0.153968,-0.196163,-0.177317,2,3818055.0
1.971915,4.341729,-1.310547,-0.271173,-1.463232,-0.084854,0.701629,1.207825,0.5287,-1.259608,0.805701,-1.011655,-0.013829,0.593277,-0.815476,0.997639,-0.776275,-0.623922,0.347111,0.330575,0.039503,-0.127117,0.00404,-0.89724,0.614879,-0.438833,0.052061,-0.272576,-0.526224,-0.060732,-0.041113,-0.308207,0.079642,0.083082,-0.155566,0.312357,0.007462,2,6836483.0
3.263449,3.247882,-2.722374,0.548225,0.448392,1.134301,-0.198718,-0.108489,0.529036,-0.983137,0.617575,0.532652,0.950712,-0.422345,0.093307,0.875391,-0.124048,-0.438551,0.425488,0.455147,0.13111,0.043665,-0.204273,-0.116604,-0.203806,-0.439603,0.394511,0.016061,-0.649021,0.906647,0.247748,0.188025,0.212596,0.315598,-0.072364,0.236802,-0.095546,1,4554237.0
4.747864,-8.113645,-1.573603,3.288312,-1.366882,0.68625,0.006797,-0.37353,-0.765098,-0.752248,-1.085388,0.354334,-0.770355,-0.181664,-0.834833,-0.341839,-0.038751,-0.4065,-0.075167,0.653188,-0.07224,-0.752399,-0.381871,0.489977,-0.083384,-0.541356,0.535841,-0.075131,0.28493,-0.18752,-0.106633,-0.533989,0.109083,0.007665,-0.071896,-0.031966,0.054281,0,4952255.0
-2.911375,-0.41081,0.636584,-0.428739,0.938468,0.685258,0.272799,0.060868,-0.118211,-1.021059,0.084418,0.638081,-0.351676,0.270801,-0.404825,0.445877,0.461438,0.637143,-0.108603,0.281274,0.638196,0.094637,-0.01802,-0.125009,0.073721,-0.026179,-0.267357,0.016404,0.188934,-0.006595,0.000741,0.065978,0.04235,0.138567,-0.092163,-0.0518,0.041475,0,2732645.0
0.263709,2.212073,1.254411,1.617098,1.742485,0.653496,0.157001,0.207439,1.000305,-0.638194,0.807273,1.846637,-0.305257,0.49862,0.165217,0.196194,-0.297314,-0.461483,0.284777,0.177336,-0.348079,-0.2717,0.300609,0.491771,-0.121414,0.074178,0.054451,-0.170841,-0.14564,0.115969,0.19263,0.211521,-0.164263,-0.196392,0.115882,0.375791,-0.098869,4,4264176.0
1.868427,-6.550878,1.050212,0.990595,2.036551,1.044591,-1.083751,-1.534427,0.745505,-0.094502,1.787835,-0.299793,-0.282064,0.457281,0.52042,-0.0939,-0.893659,0.328158,1.09147,0.275113,-1.259772,0.158505,-0.367313,0.033797,0.577333,1.001447,-1.176538,-1.195722,1.156487,0.412433,-0.302011,-0.670428,0.211325,-0.143279,0.280683,-0.372939,0.290287,0,3752885.0
1.21303,2.263573,0.098783,1.292791,0.597541,1.386733,0.372005,-0.361581,-0.795632,-0.043155,0.595665,1.460533,-1.251274,-0.557816,-0.727255,0.632812,0.371488,-0.327271,0.309344,-0.145664,0.128024,0.808256,0.263059,0.352616,-0.022976,0.122534,-0.110012,-0.013928,0.103314,0.069466,0.013313,-0.173161,-0.098212,0.009657,0.144218,0.096572,0.230712,3,4250758.0
2.670768,2.890692,-1.351562,0.738897,0.553115,1.437458,-0.268144,-1.204563,-0.531142,-1.149769,-0.751674,-0.444206,-0.429462,-0.700316,-0.854369,0.389083,0.545275,0.417049,0.016259,-0.096005,-0.236129,0.883071,-0.077212,0.152907,-0.065145,0.372337,0.101349,0.290661,-0.047581,-0.118518,0.08247,-0.101757,-0.331594,0.101384,0.070386,0.031411,-0.022361,1,7865428.0
-2.08765,-1.059104,-1.157088,-0.869494,-0.943232,0.020017,-0.380799,-0.548771,-0.255764,0.6056,0.321703,0.044354,-0.200643,-0.041316,-0.128708,0.252375,-0.041574,0.059923,-0.002618,-0.19244,-0.259816,0.114156,-0.234289,0.12873,-0.061919,-0.061177,0.03851,0.310105,-0.368467,-0.109165,-0.222219,0.047583,0.010786,0.087696,-0.057558,0.083012,0.09152,0,7201784.0
2.897727,-7.973431,0.562951,1.536914,3.19861,1.334795,0.355449,-0.398352,0.123772,-0.1356,0.563689,-0.651282,0.598902,0.388412,0.183662,0.560485,-0.002242,0.552303,0.389723,0.135691,0.360285,0.032189,0.658408,-0.903901,-0.702879,0.102565,1.20885,0.373748,0.106754,0.057117,0.490139,0.33723,-0.096745,-0.10904,-0.136228,0.020763,-0.069753,0,8630682.0
0.494458,1.526964,-0.815826,1.124943,-0.574099,0.291951,1.14806,1.275587,-0.108166,0.298596,0.473708,-0.030348,0.452141,0.038285,0.136538,-0.512699,-0.196732,0.582688,0.892543,0.423456,-0.575387,-0.404915,-0.228174,-0.277614,0.256363,-0.211427,-0.138255,-0.246861,-0.419033,0.172761,0.235703,0.110185,0.333811,0.582653,-0.375788,-0.126133,0.414787,3,2156098.0
-2.398717,0.321722,1.215523,1.357108,-2.189047,-0.387709,-0.516024,-0.251857,0.523258,-0.604945,0.396115,0.17198,-0.093882,0.030724,0.405486,-0.257413,-0.040105,0.289005,0.042919,0.191769,-0.213425,-0.176862,0.26992,0.273103,0.177232,0.063521,0.122305,-0.245911,0.081149,0.114664,0.199417,0.114976,0.032464,-0.079336,0.165118,-0.093075,-0.100512,0,3273041.0
-3.677941,0.379352,1.359484,-1.297748,-1.317133,-0.213732,-0.308378,-0.288926,-0.15878,-0.345824,0.366821,0.133994,0.05534,-0.366141,0.041535,0.083464,0.119047,0.387137,0.193538,-0.533315,0.03392,0.110903,-0.270805,-0.202839,-0.562681,-0.66698,0.156513,0.07598,-0.085327,-0.040491,-0.210777,0.021047,-0.038698,0.149751,-0.098619,0.126411,0.10584,0,1763231.0
-2.878138,-0.537423,0.676465,-0.749004,-0.203017,0.374316,-0.682951,-0.961678,-0.194199,-0.117239,0.729148,-0.13286,-0.605267,0.566728,-0.122416,0.242231,-0.48106,-0.315353,-0.45847,-0.466014,-0.267831,0.244159,0.081716,-0.173368,0.040304,0.311186,-0.075336,-0.010713,0.129504,0.082588,-0.114261,-0.102337,0.021705,-0.153898,0.13686,-0.013251,0.045132,0,5595267.0
-3.089242,1.711518,-0.470024,1.418072,-0.823501,-1.390277,-0.140949,-0.141855,2.02934,0.138084,0.001234,0.481407,-0.993146,0.999181,-0.478604,-0.255394,-0.178065,1.547047,0.595203,-0.853226,0.968885,0.236435,-0.102751,-0.204697,-0.223295,-0.019569,-0.45014,0.199157,0.182018,-0.107867,0.27763,-0.00158,0.013131,0.120297,-0.177875,-0.072113,0.269655,0,4651866.0
-2.899375,-0.499122,0.712351,-0.268003,1.515955,0.676897,0.409285,0.33588,0.187113,-0.709848,0.237002,-0.063856,0.046635,0.661933,0.565812,-0.066241,-0.383054,-0.174906,-0.349126,0.053357,0.137359,0.182187,0.017612,-0.04887,0.04112,0.060796,0.069403,0.207669,-0.163561,-0.126488,0.040856,-0.058677,-0.042804,0.077252,-0.037301,0.078431,0.077944,0,6941173.0
-2.073302,0.421766,-1.195162,1.54865,-1.549417,0.439096,0.915824,0.90099,-0.416876,-0.414236,0.572436,-0.123233,-0.650499,0.633784,-0.100865,-0.018854,-0.324523,0.757875,0.385999,-0.192522,-0.296396,0.056701,-0.020842,-0.005498,-0.128446,0.144111,-0.222106,0.193669,0.023332,0.118651,0.041166,0.113463,0.071763,0.058233,-0.033739,-0.1193,0.138162,0,2390534.0
-3.119918,-0.210757,0.815187,-0.525143,0.779458,0.129181,-0.853333,-0.830222,0.750669,-0.078658,0.656433,0.038301,-0.054186,0.517559,0.437428,-0.326506,-0.563487,-0.373403,-0.553203,0.228791,-0.429061,0.126232,0.273601,0.025358,-0.258902,0.253123,0.160828,-0.026878,-0.018293,0.258332,0.031396,0.127021,0.042716,-0.097207,-0.004829,-0.076965,-0.005885,0,3258837.0
-2.575896,-0.805673,0.247492,-0.497678,0.289444,0.749039,0.743745,0.517202,-0.882038,-0.187263,-0.28424,0.293956,0.46629,-0.389173,0.007736,0.154917,0.198362,0.472022,0.004314,0.147684,0.294252,0.078644,-0.155198,-0.00597,0.361965,0.009937,-0.340654,-0.168665,0.080915,-0.043119,-0.109869,0.019774,-0.041689,-0.082517,0.033548,-0.015398,-0.088497,0,3004429.0
-2.523777,-0.731547,-0.316006,-0.220664,1.276488,0.716721,0.500132,0.105188,-0.390395,-0.106927,-0.352326,0.169318,-0.233617,0.296447,0.206091,0.491202,0.32323,0.128579,0.138747,-0.038956,0.077716,-0.136318,0.213296,-0.056222,0.021014,-0.038823,0.071928,-0.01785,0.248465,0.052687,-0.065919,-0.047412,0.061287,-0.050343,0.067929,-0.06536,0.058691,0,3600467.0
12.791595,-1.135203,1.806181,0.12111,1.373691,0.989864,0.586466,0.670149,-0.710459,0.59278,2.025533,2.798507,-0.860568,0.096603,0.611429,2.933725,-1.577186,-0.724159,0.492069,-0.455624,0.136042,-1.454335,0.937248,0.523547,-0.527045,-0.729548,-0.781748,-1.113834,0.637075,-0.618795,0.244133,-0.235568,-0.468926,-0.900821,0.2691,0.12072,-0.636449,2,3164972.0
2.50719,-6.852385,-1.216936,0.71332,1.077537,0.327154,0.838259,0.860383,0.189479,0.167885,0.763367,-0.54164,-0.159044,0.604438,-1.0836,-0.793351,-0.728968,0.758601,0.430973,0.295187,-0.495444,-0.054037,-0.259692,-0.384304,-0.230207,-0.297628,0.57881,-0.636826,0.450282,0.398094,-0.18946,-0.170058,0.104985,-0.376665,0.288301,-0.159241,-0.178821,0,4350573.0
-0.452584,1.690984,1.232846,-1.740015,0.40516,-0.026781,-0.393479,-0.494983,0.068833,0.069213,0.360635,-1.004074,0.84309,0.882086,-0.587622,-0.289729,-0.350527,0.051409,0.245522,0.25182,0.002054,-0.44,-0.095241,-0.365914,-0.34708,0.416351,-0.591545,-0.382967,-0.333973,-0.431726,0.425701,-0.034733,-0.067045,0.105518,0.308016,-0.0787,0.627723,3,5286212.0
-3.263864,-0.327368,2.064772,-1.084747,-1.190806,-0.272025,-0.306356,-0.186847,-0.261411,-0.179971,0.091993,0.21034,0.478777,-0.20997,-0.634356,-0.443195,0.028673,0.116794,-0.118441,0.113176,-0.222957,0.163134,-0.0117,0.01765,0.052162,0.040123,-0.265076,-0.064837,-0.167175,0.118796,0.028613,0.252185,-0.094608,-0.114316,-0.093609,-0.000911,-0.249629,0,1619683.0
18.445864,3.350353,2.757248,-1.911103,4.401016,0.352753,-0.097626,-0.159207,0.458499,-0.424134,-0.751121,0.430093,1.529613,1.711563,0.598948,2.436828,-1.436121,-0.060818,0.98096,-0.742725,0.624269,0.726118,2.479631,0.173551,-0.119009,-1.353938,-0.396515,-0.979197,0.508612,1.049799,0.214471,0.665653,-0.432264,-0.705442,-0.19311,-1.078328,-0.031808,6,2551252.0
-3.182857,-0.257238,0.932715,-0.501664,0.671037,1.066337,0.412548,0.013773,-0.960333,-0.833523,0.288157,-0.115813,-0.691875,1.045833,-0.287653,0.705367,0.167241,-0.32899,-0.35498,-0.100188,-0.084176,0.142068,0.083221,-0.241224,-0.195152,-0.05871,-0.239809,0.161136,0.208617,0.006892,-0.087771,-0.065261,0.026884,0.078326,-0.134981,-0.033101,0.108649,0,1756069.0
-3.560951,0.318184,1.249315,-1.119496,-0.814736,-0.294855,-0.89922,-0.952163,0.321899,-0.848589,-0.156343,0.409015,-0.826198,-0.494718,0.218399,-0.125512,-0.320191,-0.02678,0.097031,-0.669569,-0.175209,-0.194744,0.172777,-0.0816,-0.378802,-0.14576,0.581631,-0.071871,0.127711,-0.043215,0.176969,-0.225814,-0.043986,-0.028008,0.087724,0.035829,0.044019,0,1882131.0
-2.176031,-0.563583,-2.86628,-0.436256,0.460489,0.979781,0.621752,0.627967,-0.54416,0.451357,0.221984,0.454507,0.991682,-0.451307,0.162541,-0.785133,0.014626,0.047786,0.269859,0.061533,0.107453,-0.077202,-0.007838,0.266097,0.12319,-0.068464,-0.16254,0.162429,-0.143698,-0.059027,-0.065386,-0.014132,0.001325,0.014974,-0.013963,0.020756,0.140904,0,4052733.0
1.371459,3.993928,1.573867,0.838854,0.768815,0.750808,1.140918,0.595064,-0.53951,0.479843,0.227218,-1.101312,0.038682,-0.474515,-0.423923,-0.032242,-0.350726,-1.165355,0.339187,0.067684,0.128131,-0.947588,0.034465,-0.10484,0.225361,0.320316,-0.679354,-0.091893,-0.95543,-0.080178,0.603839,-0.145761,0.351569,0.502205,0.035437,-0.28505,-0.196214,4,3836721.0
-2.286767,-0.05036,1.853472,1.630229,-1.731085,-0.308971,0.068156,0.131031,0.027457,0.403327,-0.174613,0.345018,1.62553,-0.167083,-0.554292,-0.969473,0.089734,0.485473,-0.112524,0.243141,-0.316086,0.336309,0.037003,0.362451,0.517316,-0.048566,-0.249634,0.03081,-0.549097,-0.101423,0.046211,0.271175,-0.186705,-0.150896,-0.080052,0.079816,-0.303798,0,3452382.0
-2.201644,-0.948091,-0.988647,-0.036715,1.658575,0.89052,0.358924,-0.077171,-0.257569,0.082782,-0.412545,0.356949,-0.04823,-0.030231,0.526214,0.259249,0.195366,0.088567,0.355921,-0.019837,-0.287951,-0.187606,0.130747,0.183265,0.140124,0.022823,0.08348,-0.076539,0.176171,0.035826,-0.186877,-0.126367,0.068873,-0.111217,0.106414,-0.057046,0.10366,0,3982767.0
14.184278,-0.115977,1.558587,0.667421,4.445232,1.674906,0.303475,-0.442771,0.900184,-0.04665,1.7926,-2.655227,0.671986,-1.106928,0.344302,0.106143,0.099962,-0.069976,-0.370602,-0.479474,-0.13988,-0.721537,0.469093,-0.520661,-1.074607,0.895874,0.059167,0.335255,-0.041673,-0.692448,-0.501796,-0.821166,-0.991169,-0.8573,-0.063731,0.222162,-0.536317,6,4136425.0
1.904553,2.695384,-1.5677,0.570255,-0.802151,0.427018,0.454009,0.471497,0.149031,-0.606284,0.049942,-0.571938,-0.348347,-0.86834,-0.424839,0.411117,-0.157441,-0.39818,-0.950015,0.145934,-0.002392,-0.311327,0.130814,-0.14384,-0.270788,-0.454665,-0.522641,0.145989,-1.167347,0.30487,0.218806,-0.472619,0.192124,0.252789,0.293235,0.058153,-0.196903,1,2525375.0
-1.858111,-0.923149,-3.117367,-0.704492,-0.686218,0.669123,0.438112,0.613533,-0.58791,-0.027398,-0.219069,0.592418,0.452336,-1.199586,-0.007802,0.094955,0.319989,-0.176752,-0.812073,0.28827,0.39164,0.080436,0.067673,0.177219,-0.144428,-0.310486,-0.000073,-0.07611,-0.170937,-0.090749,0.01634,0.077462,-0.039793,0.188493,-0.069832,-0.017687,0.005203,0,3347767.0
15.608752,0.949731,-2.723679,-0.954081,1.065252,1.495675,-1.018037,-1.007358,-0.6384,-1.158138,-0.390628,0.11131,0.415619,0.719764,0.912921,-1.136309,-3.023398,-1.038414,0.374709,1.464972,0.439662,-0.312813,-0.010728,-1.500403,-0.617745,-1.157295,-0.122087,0.421321,-0.421355,0.785295,0.13626,-0.084134,0.175041,0.190273,-0.313324,-0.273006,-0.311643,4,5500818.0
-2.072139,-0.402321,-3.938424,-0.482067,0.52536,0.420079,0.394429,0.656435,0.396369,0.280821,0.012623,0.429894,0.342677,-0.520575,0.663265,-0.380234,0.176145,-0.123893,-0.08804,0.144236,0.668186,-0.207144,0.314028,0.155841,-0.178743,-0.151877,0.004943,-0.136828,0.050781,-0.040942,0.289961,0.185039,-0.080873,0.002356,-0.009256,-0.050223,-0.087247,0,16549064.0
-2.883818,-0.446648,0.833272,-0.592101,0.29287,0.260991,0.335344,0.469355,-0.08035,-0.929472,-0.526213,0.553957,-0.077909,-0.400047,-0.068142,-0.409907,-0.141769,0.089148,-0.063611,0.220515,-0.188259,-0.119322,0.116622,0.299336,0.566867,0.472642,-0.084223,-0.124934,-0.042379,0.205921,-0.039518,0.204811,0.025119,-0.374846,0.205348,-0.068322,-0.218249,0,4590423.0
-2.440825,-0.598202,-1.373578,-0.776934,-0.45827,0.472821,1.171071,1.498344,-0.820118,0.540273,0.427939,-0.474977,0.744143,-0.113017,0.580099,-0.575382,-0.295342,0.125713,0.572096,0.654307,-0.765946,-0.253739,0.02064,0.179157,-0.122411,0.038748,-0.123433,-0.139971,0.07624,0.242598,0.106368,-0.171511,0.170212,0.362862,0.022318,-0.215361,0.280312,0,1904842.0
12.319254,-1.330927,1.128026,-0.336638,-0.446822,-0.239623,1.749217,3.102739,-0.918393,1.88348,1.507686,2.813448,1.753939,0.92506,-1.833552,-2.683519,-0.822344,-0.797448,-0.96155,-0.615246,-0.867993,-1.395325,0.487668,0.118751,0.018304,-1.636604,-1.132191,0.390277,-0.176488,0.38752,-0.025228,0.546136,1.067349,1.02039,0.348456,0.572199,0.580881,2,3871344.0
1.538265,2.910489,0.613103,0.989606,0.49681,0.795948,-0.535223,-1.445179,-0.510596,1.095327,0.176257,0.527007,0.030257,0.174408,-0.339488,1.041848,0.07954,-0.798136,0.442139,-0.064066,-0.265977,-0.568436,0.046269,-0.03004,-0.090699,-0.034316,-0.032968,-0.009124,-0.193028,0.080337,0.13252,0.09512,-0.038255,-0.05459,-0.239148,0.313408,0.221788,3,6313221.0
-2.01483,-1.04632,-1.88814,-0.107265,1.105267,1.232257,0.374162,-0.094711,-0.818387,0.330391,-0.557518,0.619052,0.59999,-0.82485,0.363053,-0.093734,-0.112452,0.05046,-0.495606,-0.056288,0.555327,-0.027006,0.023385,0.040744,0.131397,-0.046188,0.003383,-0.124379,0.20839,-0.055489,-0.139906,-0.219702,0.002603,-0.048437,0.124933,-0.01265,0.10288,0,3727364.0
-2.696082,-0.463529,-0.161622,-0.451407,0.905558,0.188041,0.365378,0.442994,0.458496,-0.693992,-0.195802,0.192597,-0.503284,0.116777,0.538869,0.448469,0.09442,0.056722,-0.122616,0.183073,-0.002587,-0.022309,0.153533,0.135388,0.321234,0.139537,0.00251,-0.246701,0.133651,-0.043022,0.071219,-0.167338,0.060912,0.028758,0.131805,-0.087875,0.056161,0,4066618.0
-2.85937,-0.381721,0.488543,-1.115504,-1.267249,-0.498249,-0.778841,-0.553021,0.33545,-0.393345,0.010327,0.403966,-0.701888,-0.536348,-0.333348,0.08345,-0.059587,0.141895,-0.107038,0.38137,-0.666736,-0.106587,0.473248,0.187537,0.124337,0.704853,0.148729,-0.130441,-0.053577,0.303275,0.346187,0.2674,0.071013,-0.121403,0.053878,-0.226637,-0.166939,0,3807496.0
2.726154,4.231187,0.340916,0.472177,1.625291,-0.396324,0.503432,0.689195,1.53854,-0.517883,-0.823561,-0.37611,0.780262,0.762992,0.026518,0.317491,-0.844118,-0.199225,1.108137,0.70699,-0.580235,-0.27786,0.012638,-0.098839,0.281341,-0.073877,-0.158421,-0.661995,-0.006266,0.339853,0.625673,-0.056849,-0.00448,0.252696,0.015283,0.154471,0.156577,3,5966193.0
1.339677,2.657965,0.959804,1.115304,0.89221,1.052892,0.203027,-0.308087,0.001324,-0.880733,0.664021,-0.07304,-1.281588,-0.08869,-0.476726,-0.042134,0.562641,-0.095757,-0.05582,0.105335,0.173646,0.079281,0.304675,0.166969,-0.367149,-0.139545,-0.420895,0.006899,-0.330109,-0.002362,-0.069067,0.023668,-0.084296,-0.25069,-0.003624,0.077629,-0.289958,1,4250553.0
-2.626614,-0.451122,-0.368323,-0.234469,1.787738,-0.465739,0.787427,1.076111,1.343809,-0.036951,-0.129716,-0.279688,-0.387564,1.139319,0.423732,-0.389865,-0.207434,0.078804,0.545567,0.353019,-0.619167,0.001076,-0.015638,0.159962,-0.102353,-0.265656,-0.242874,-0.553647,0.15376,-0.101876,0.280045,-0.387882,-0.075449,0.280872,-0.108858,-0.135867,-0.027921,0,7495092.0
-2.649321,-0.625975,0.230759,-0.826507,-0.622967,0.05821,-0.53466,-0.653278,-0.239316,0.329597,0.068573,0.378516,0.104527,-0.428644,-0.001525,0.006526,0.107327,0.320865,0.139156,0.316534,-0.450652,-0.091216,0.010378,0.255344,0.434365,0.162914,0.033372,-0.363652,0.008787,0.009654,-0.011042,-0.00121,-0.012021,-0.27578,0.110684,-0.08005,-0.195918,0,3351383.0
-2.367528,-0.506406,-2.177397,-0.278669,1.055966,0.879602,0.42993,0.06562,-0.40643,0.178185,-0.21338,0.318399,-0.089755,0.102901,-0.115532,-0.446686,-0.236042,-0.181039,0.219568,-0.700377,0.242269,-0.078069,0.236472,0.005515,0.118993,0.297499,-0.109512,0.231021,0.039757,-0.006278,0.044091,0.059077,-0.083472,-0.162263,0.173365,0.040034,-0.005782,0,5906596.0
-3.609096,0.319901,1.468392,-1.07753,-0.635657,0.154368,-0.949102,-0.811364,0.425158,-1.156238,0.850874,0.702996,0.080709,-0.581959,0.205467,-0.298327,0.083446,0.541302,-0.022779,-0.060325,0.579603,-0.017257,-0.105604,-0.220036,-0.551027,-0.664191,0.233959,-0.341853,0.304316,-0.068902,0.114806,-0.167781,-0.049048,0.240468,-0.063929,0.042044,0.081458,0,2025297.0
-0.892075,3.330602,2.839048,1.129577,0.19037,0.530658,0.356589,0.155655,0.124467,-1.128299,0.253064,0.859337,-1.263568,-1.220798,0.245258,-0.653059,0.11574,-1.10298,0.303266,-0.693794,0.495972,-0.112286,0.368279,0.390626,-0.279516,0.17757,0.567579,-0.235583,-0.396887,-0.061972,-0.064352,0.30769,0.100198,0.232189,-0.225522,-0.307605,-0.187825,3,2364478.0
2.31472,-6.923357,-0.341064,1.102588,2.264297,1.618143,0.484343,-0.099403,-0.515214,-0.048497,1.486952,-0.642557,0.247745,1.115165,0.153466,-0.145151,0.087356,0.653233,1.739824,0.02094,0.251877,-0.52843,0.017412,-0.432658,-0.055806,0.192572,0.178913,0.098206,0.631592,0.42985,-0.219518,0.383623,0.148285,-0.405076,0.302466,-0.035504,-0.011696,0,3426169.0
-2.375137,0.286957,0.771736,1.972674,-0.408167,0.014442,-0.255237,-0.876984,0.103777,0.62801,-0.266226,0.065255,-0.111687,1.089328,0.099274,0.573973,0.35127,0.28647,-0.193329,-0.242541,0.416268,0.020009,0.149256,0.023415,0.148797,-0.225457,-0.098032,0.106369,0.23301,-0.130319,-0.110168,-0.203363,0.074856,0.082025,0.043358,-0.01151,0.179391,0,2083447.0
5.040893,-9.361857,-3.002332,1.328292,1.960209,0.420432,-0.773791,-0.62382,1.894365,-1.467674,0.606482,0.364127,-1.427219,0.59285,1.035262,-0.852904,-0.611035,0.144659,1.360147,1.029646,0.193671,-1.036259,-1.230966,0.781242,-0.627412,-0.645044,1.243331,0.940085,-0.719221,-0.257206,-0.495288,0.205682,0.164817,0.148878,-0.236618,0.359127,0.189405,0,6782425.0
1.191963,3.19499,0.072613,0.245425,-1.178705,0.274668,-0.564331,-0.731108,-0.34745,0.206673,0.327443,0.322021,0.366151,0.277187,0.460171,0.445783,0.439108,0.417713,-0.177976,0.411261,-0.077817,0.013938,-0.329509,-0.843258,-0.413339,0.860974,0.431744,0.03527,0.461619,-0.09246,-0.705805,-0.307118,-0.171634,-0.473291,0.514041,-0.631971,-0.148204,3,3410878.0
0.569533,2.408325,2.229735,-1.754604,0.533637,0.185834,-0.228468,-0.57543,-0.382025,0.754756,0.659645,-0.243047,-0.027914,-0.787339,-0.72884,-0.155743,0.734783,-0.919216,0.199492,0.316768,0.59456,-0.311873,-0.340557,-0.084938,0.015585,0.596687,-0.109402,-0.537936,-0.983396,0.138499,-0.003651,-0.546603,0.958441,-0.363419,-0.078671,0.039513,-0.458651,5,3753720.0
-3.061529,-0.480404,1.442305,-0.816631,-0.349449,-0.013395,-0.255765,-0.372463,-0.178384,0.244281,0.463284,-0.135315,0.198492,0.55502,-0.217747,0.233551,0.091749,0.108505,-0.253358,0.207192,0.030124,0.219225,-0.070918,-0.125355,-0.03902,-0.053215,-0.337436,-0.018405,0.050842,0.042565,-0.060393,-0.021606,0.035994,0.160827,-0.114047,-0.041792,0.056732,0,1270499.0
-3.348689,0.215932,-0.344489,-1.051169,-0.948438,-0.196594,0.246771,0.042619,-0.953275,1.642784,-0.236904,-0.962201,0.099342,0.769336,0.612813,0.079201,-0.357402,-0.657828,-0.031317,0.096831,-0.390415,-0.213707,0.153414,-0.030354,-0.274248,0.148118,-0.199723,0.127911,-0.004525,0.043142,0.255239,0.02081,-0.03516,0.102486,-0.140144,-0.105529,-0.011772,0,6412623.0
-2.241303,-0.582422,-2.355117,-0.302841,0.91901,0.945892,0.191496,0.067963,-0.215914,-0.062812,-0.025835,0.374059,-0.139475,-0.220627,0.497631,-0.498286,-0.504174,-0.123106,-0.031951,0.454084,-0.099192,-0.183223,0.15121,0.149686,-0.283377,0.193798,-0.116933,-0.167418,0.195657,-0.134681,0.507184,-0.394684,-0.04925,0.447747,-0.188526,-0.168556,0.195795,0,6694797.0
-2.847885,-0.08643,-0.863938,-1.078107,-0.846655,-0.043696,-0.481116,-0.521134,0.007331,0.358474,0.629192,0.157455,-0.511018,-0.216788,0.498781,0.864862,0.259218,0.807864,0.075169,0.489081,-0.278545,-0.113007,-0.008448,0.127688,0.364747,-0.052618,0.631169,-0.327523,-0.065212,-0.144771,0.045494,-0.067166,0.087994,-0.16141,0.176764,-0.084917,-0.043625,0,2344689.0
3.337026,4.134185,-2.108775,0.118379,0.591742,-0.428884,0.44134,0.86958,1.489429,-0.459449,-0.644084,-0.462743,0.829408,0.383831,-0.40412,0.265451,-1.015732,-0.424767,0.424923,0.057252,-0.132662,0.312105,0.756679,-0.344005,-0.291935,-0.118479,-0.18546,0.12762,0.076214,0.648006,0.078969,0.054727,-0.028212,-0.016461,0.179515,0.213599,-0.012814,3,13575224.0
-2.051839,-1.270235,-0.442886,-0.135403,1.389005,0.553768,0.530984,0.59734,0.325419,-0.287278,0.297031,-0.105512,0.243202,0.424323,0.379012,-0.341146,-0.301421,-0.360273,0.09205,-0.118143,-0.71924,0.127522,0.0412,0.17972,0.052608,-0.101556,0.096755,-0.002076,-0.082339,0.017287,-0.225243,-0.333498,0.082595,0.121727,0.117642,0.01602,0.260357,0,9652350.0
2.618726,2.531168,0.697602,0.088523,-1.641539,-0.163896,-0.622185,-0.341181,0.058164,-0.278714,0.772258,1.795632,0.249072,0.815493,-0.317735,0.656638,0.238091,-0.792838,0.665528,0.15945,0.43892,0.739137,-0.808071,-0.554604,-0.546702,0.970623,0.494915,-1.049645,-0.227478,-0.015804,-0.151553,-0.135323,-0.395538,0.33671,-0.036818,-0.10515,0.042177,4,4758476.0
-3.066093,-0.038976,-0.317414,-0.950084,-0.5865,-1.055172,0.501542,0.398086,-0.14672,1.980015,-0.977617,-0.925274,-0.011327,0.811108,0.953298,0.150336,-0.109421,-0.28491,0.473658,-0.006214,0.063942,-0.457284,-0.052224,0.176588,0.286575,0.04398,-0.240221,-0.097583,0.121164,-0.041426,0.083284,-0.145517,0.036005,-0.014829,0.135882,-0.072458,-0.038136,0,2738052.0
-2.995051,-0.351632,0.558242,-0.694847,-0.046559,0.321915,-0.544951,-0.818235,-0.277212,0.331703,0.335011,0.155902,0.050332,0.197092,0.079458,0.209825,-0.110433,0.062567,-0.514501,0.117509,0.339754,0.027142,0.037283,-0.089835,0.115022,0.108905,-0.117721,-0.124322,0.336746,0.135689,-0.140236,-0.194843,0.159072,0.024725,0.135014,-0.096377,0.184344,0,4429512.0
1.076928,2.385609,0.678673,1.203287,0.450222,0.283269,-0.338625,-1.053678,0.020319,1.326335,0.474905,0.570369,-1.004049,0.110076,-0.002195,0.742913,-0.042249,-0.703763,0.311518,-0.196213,-0.272693,-0.420395,0.073002,0.113747,-0.143009,-0.003386,-0.125225,-0.114286,-0.385026,0.337346,-0.442592,-0.257322,-0.280443,0.58426,0.021496,-0.256986,-0.220976,2,4467728.0
-3.793877,0.510781,1.735736,-0.778109,0.319447,-0.053411,-1.110786,-1.166921,0.841399,-1.041121,0.135063,0.935256,-0.174814,-0.179379,-0.278484,-0.464931,0.141175,0.035614,-0.071868,-0.50981,0.232589,0.02587,0.056093,-0.064507,-0.533228,-0.532501,0.084518,-0.125703,0.265236,0.075762,-0.130964,-0.126877,-0.013518,0.071958,-0.045376,0.059664,0.106975,0,2792031.0
0.389871,-5.331577,3.993146,-0.190123,-0.734426,-0.997058,-0.55284,-0.496633,1.223677,-1.386882,-0.586831,0.486869,0.417258,-2.299794,-0.240537,0.679843,0.378908,1.352687,0.433316,-0.29385,0.102879,0.522446,-0.236756,-0.596499,-0.837047,-0.557303,-0.028181,-0.620158,0.322399,-0.17838,0.330652,-0.429853,-0.131174,0.661152,-0.458753,-0.06019,0.273722,0,4888774.0
2.143191,3.064427,0.061118,0.388514,-0.921416,0.281461,-0.591984,-0.821365,-0.302701,0.61796,0.339478,0.754681,-0.152132,-0.244664,0.117379,0.308028,-0.130087,-1.158862,-0.17972,0.344822,0.661681,0.394997,-0.112932,-0.147586,-0.11598,0.082224,0.454153,-0.103906,0.469874,0.004716,0.059366,-0.239378,-0.107492,-0.117099,-0.027874,-0.30704,-0.398488,3,3248660.0
-3.989503,0.919808,0.979949,-1.104347,-0.347967,0.116084,-0.704293,-0.742102,0.43433,-0.726076,0.941622,0.608492,0.048899,0.017259,-0.173127,-1.260342,-0.46546,0.7927,1.035746,-0.754522,0.84573,-0.039352,-0.280442,-0.272632,-0.35295,-0.012889,-0.506647,0.095081,0.232265,-0.190008,0.438201,-0.034357,-0.199627,0.254872,-0.150252,0.086595,0.177563,0,3570392.0
-2.743597,-0.406021,-0.300198,-0.769999,0.018116,-0.496869,1.360604,2.215033,0.574797,0.334685,0.315458,-0.713814,0.988296,0.244918,0.629829,-1.085653,-0.63252,0.038252,0.257776,0.96635,-1.056452,0.152081,-0.104255,0.212914,-0.485083,-0.112467,-0.318226,-0.177312,-0.408524,0.236664,0.268421,0.150511,-0.033397,0.466915,-0.309426,-0.164198,-0.005144,0,4219263.0
11.616108,-0.708694,3.996746,-0.918977,-1.123772,-0.60747,-0.813606,0.147825,0.172038,-0.471399,0.867057,2.664742,0.009986,0.22703,1.385187,-0.713548,1.014958,0.386038,-1.258398,0.023621,-1.03094,0.546143,-0.477629,-1.300923,-0.131572,2.102303,-0.506754,-0.466223,0.407496,-1.088248,0.026631,-0.433644,-0.588141,-0.797762,0.228574,-0.53764,-0.580264,6,2954086.0
-3.223653,-0.32835,1.676714,-0.883317,-0.520594,0.00685,-0.342446,-0.535153,-0.32942,0.081647,0.135365,0.091582,0.206669,0.256266,-0.498454,-0.059105,-0.209796,0.087773,-0.534125,-0.079606,0.210779,0.323122,-0.097571,-0.106473,0.295127,0.182877,-0.239584,0.066859,-0.165883,-0.090233,-0.003478,0.050541,-0.095981,-0.121566,-0.02834,0.060131,-0.149741,0,2993069.0
1.105774,2.873078,-0.428282,1.55045,2.31747,0.047193,0.584769,0.178792,1.793484,-0.238544,0.122002,-1.090239,-0.570116,0.386773,-0.378921,-0.612098,0.330849,0.211276,0.835736,0.201926,0.493447,0.252862,-0.171057,-0.187218,-0.110694,-0.344481,-0.333651,0.564741,-0.185505,-0.303138,-0.129888,-0.048778,-0.10216,-0.093053,0.428462,-0.451702,-0.011051,3,3784230.0
-2.922699,-0.369561,0.404657,-0.581759,0.367398,-0.144508,-0.486375,-0.753387,0.235756,0.5531,-0.168079,0.175296,-0.151039,0.304303,0.027628,0.193891,-0.052781,0.104327,-0.479274,0.003401,0.391216,-0.015366,0.111863,-0.09407,0.054739,0.010892,0.006734,-0.218688,0.327707,0.161353,-0.116206,-0.087627,0.100665,-0.129466,0.156235,-0.091568,0.003151,0,2097022.0
2.012023,2.119136,-1.242546,0.873436,-0.599751,0.360315,-0.745188,-1.217247,0.114915,0.55993,-0.122908,0.688279,0.488731,-0.814727,-1.056381,0.163894,0.471667,-0.234563,-0.193132,0.324713,0.125323,0.13768,0.222669,-0.569963,0.06637,-0.475135,-0.286111,0.128795,0.053715,-0.281,-0.260146,-0.383515,-0.080895,0.124618,-0.156556,-0.077616,-0.29551,1,4155435.0
15.053265,2.109063,5.423658,-0.795731,3.276128,1.315177,0.834335,0.764045,-0.356992,0.830632,2.589303,0.791719,-0.495981,-2.032242,0.288332,-0.063048,-1.194009,-0.423164,-0.10391,0.314691,-0.467803,0.022011,1.566039,1.081525,1.180758,-1.949985,-1.565791,-0.47657,-0.627594,0.533791,1.059074,1.37757,0.708841,0.060216,-0.356725,-0.741892,0.5551,8,4882985.0
-2.959238,-0.294898,0.308937,-0.817981,-0.102659,0.383189,0.689175,0.817575,-0.321561,-0.754817,0.346924,-0.027168,-0.280923,0.272402,-0.147724,0.138526,-0.340811,0.313362,-0.4146,0.166672,-0.172049,0.281608,-0.214659,-0.036608,0.038446,0.033091,0.169095,0.310866,-0.402419,-0.020833,-0.128954,0.084838,0.049622,0.071046,-0.041072,0.04224,0.085983,0,8894598.0
0.787044,1.872918,-0.870474,0.89835,-0.810318,-0.480983,1.175861,1.884728,0.722769,0.232822,0.33331,0.762919,0.444966,0.21348,-0.068439,-0.054075,0.176916,-0.440841,-0.437895,0.091141,0.018817,0.217071,-0.401715,-0.008414,-0.263578,-0.268017,0.015619,0.50187,0.133498,0.292096,-0.643912,-0.121872,0.151924,-0.009953,0.254092,0.255055,-0.073719,1,2018785.0
12.26354,-1.788111,0.556683,1.340285,4.196247,2.470204,-0.421558,-1.048351,-0.10279,0.087743,2.266766,1.225505,-0.861493,-0.201574,0.634333,-1.334311,-0.56468,0.520481,-0.76261,-0.831987,-1.505037,0.040397,1.296113,-1.731314,0.622497,-1.114014,0.114273,-0.900489,-0.22173,1.49329,-0.806734,-0.242376,1.274501,0.633808,-1.14446,0.037909,-0.666293,2,1847826.0
-2.102268,-0.129037,0.772229,2.036371,-0.425553,0.942186,0.792327,0.528862,-0.59756,-0.649826,0.452376,-0.277856,0.158622,1.123533,-0.037392,0.104855,0.032148,-0.130129,-0.279934,-0.327172,-0.164153,0.311468,0.059419,-0.085735,-0.084219,-0.391478,-0.23726,0.066193,0.004162,-0.129614,-0.103076,-0.017169,-0.115533,0.018916,-0.0663,0.07317,-0.012842,0,3780019.0
-2.655684,-0.687761,0.505999,-0.923961,-0.865292,-0.150969,-0.573793,-0.481381,0.036165,-0.027907,0.217419,0.228561,0.026553,-0.10359,-0.003759,-0.093009,0.047191,-0.037881,-0.041705,0.312786,-0.186128,-0.092044,0.044475,0.267167,0.4031,0.18528,0.01458,-0.086904,-0.102978,-0.074599,0.097442,-0.090063,0.028168,-0.006685,0.072677,-0.027308,-0.030777,0,4067566.0
-3.009722,-0.231168,0.462556,-0.444119,1.067804,-0.110131,0.717075,0.819309,0.475658,-0.373683,-0.329515,-0.012544,-0.232335,0.786155,-0.180315,-0.509785,-0.282528,0.06329,0.240506,0.131368,-0.04101,0.043283,0.074457,0.027443,0.081982,0.215908,-0.459264,-0.094094,0.08173,-0.042856,0.350753,-0.186405,-0.067876,0.261157,-0.106355,-0.097038,0.002195,0,3445076.0
16.990567,1.697542,-3.21679,-1.22051,1.996965,-0.483098,0.111989,0.878982,1.317395,0.82317,0.161044,1.783469,0.188851,-0.417763,0.766588,-0.517444,-3.015786,-1.297901,0.815806,0.325563,1.76123,-0.823055,1.999226,-1.60864,0.284984,-1.503091,0.309748,-0.368983,-1.087177,-0.762664,0.015192,1.584694,0.555565,-0.596919,-0.253122,-2.609834,2.278913,6,4286645.0
-3.937183,0.659637,1.722733,-1.205887,-0.869333,-0.116428,-0.970933,-0.953377,0.321873,-1.09868,0.082663,0.503513,-0.470104,-0.862343,0.346691,-0.134367,-0.37206,0.110792,-0.073446,-0.508433,-0.147787,0.028612,0.255934,-0.143557,-0.38877,0.107902,0.405745,-0.04893,-0.051856,-0.046124,0.365619,0.064078,-0.163634,-0.046399,-0.050359,0.035041,-0.097999,0,4263629.0
-3.053667,0.199285,0.995065,1.516431,1.005247,-5.872672,0.932611,2.339406,-3.46663,-0.680817,-0.380587,-1.580541,2.369866,-1.219914,2.603029,-0.922348,-0.639542,-2.055774,0.188961,-0.351313,-2.238639,0.052027,0.230793,0.670484,-0.379727,-0.278261,-0.578518,0.100008,-0.546755,0.146359,-0.00193,-0.152092,-0.229336,0.413131,-0.304859,0.234315,0.207515,0,3810007.0
15.039702,-0.131303,0.863254,-1.850085,-1.711753,-0.96087,-1.094155,0.12249,0.597996,-0.334594,0.958618,2.058912,-0.902855,0.705238,2.137001,0.579828,0.112572,-0.232929,0.202487,1.056243,-1.108744,-0.504464,-0.007655,-0.615934,-0.338816,-0.766887,-1.570029,1.0006,-0.72833,-0.539133,-0.381349,-0.47643,0.111164,0.036116,-1.047865,0.097451,-1.215229,2,4780607.0
1.920235,3.051686,1.554656,0.384593,-1.023425,-0.555179,-0.282926,-0.236037,0.622595,0.247768,0.397031,0.293718,-0.261784,-0.110291,-0.350388,0.327822,-0.521608,-1.119956,0.269786,0.385026,-0.001484,-0.375461,-0.895319,-0.589131,0.509384,0.200925,0.475389,-0.000933,0.195755,0.13493,0.131751,-0.085872,-0.050288,0.139247,0.011014,0.072651,-0.74062,2,4015749.0
-2.765988,-0.66806,0.735784,-0.567436,0.280266,-0.171479,-0.285292,-0.601554,0.08817,0.670189,-0.242188,0.116972,0.274142,0.311254,-0.441767,-0.08919,-0.108671,0.071724,-0.283825,-0.253579,-0.033715,0.241195,0.051969,-0.033104,0.221561,0.032353,0.082114,0.106993,-0.186875,-0.118486,-0.047761,-0.126082,-0.052054,-0.081806,0.02779,0.062258,-0.034142,0,7592272.0
-3.122602,-0.26174,0.726752,-0.498298,0.726266,0.826859,0.429985,0.24346,-0.524096,-0.776918,0.044494,0.085808,-0.16094,0.432328,-0.03449,0.046062,-0.457261,-0.144376,-0.91928,-0.017786,0.526034,0.242738,-0.026835,-0.224256,0.027355,0.077833,-0.036348,0.143564,0.034653,-0.066028,0.012561,-0.132067,-0.009777,0.049323,-0.005741,0.02875,0.076278,0,2383840.0
-1.814282,-1.182435,-1.972563,-0.45299,-0.033338,0.108332,-0.805608,-1.07708,0.224694,0.664959,-0.310465,1.034249,0.28575,-0.627933,-0.939234,-0.003334,0.670036,0.027959,-0.370098,0.024672,0.110814,0.165696,0.104967,0.223204,-0.046461,-0.377595,-0.178416,-0.235462,0.01456,-0.182128,-0.03341,-0.207792,-0.068585,0.172333,-0.140822,-0.024296,-0.003701,0,3939804.0
-3.117238,-0.441504,1.305974,-0.92605,-0.752682,-0.231753,-0.016283,-0.255609,-0.608503,0.705462,-0.219851,-0.529338,0.019976,0.452101,-0.061986,0.294156,-0.289801,-0.278508,-0.503764,-0.172099,-0.00881,0.120236,0.176018,-0.227315,0.006175,0.235697,-0.009031,0.167185,-0.039737,0.040378,0.106979,-0.014938,-0.004053,-0.011383,0.004719,-0.027794,-0.020794,0,3376145.0
-2.405537,-0.526459,-1.111109,-0.60358,0.466493,-0.650747,0.999035,1.627154,0.980947,0.151115,-0.158474,0.034475,0.213864,0.082706,0.122213,-0.986702,-0.338318,0.618476,0.487395,0.659946,-0.38447,-0.160371,-0.101108,0.263255,-0.066956,-0.134752,-0.019604,-0.372272,-0.027846,0.261894,0.098452,-0.013415,0.091637,0.171561,0.060744,-0.17989,-0.025513,0,3199619.0
-3.046831,-0.211973,0.575785,-1.290685,-1.605837,-1.300303,0.426309,1.023034,0.441349,0.885484,-0.10116,-0.497804,0.779972,-0.02312,-0.059926,-0.92634,-0.311257,0.052299,0.469062,0.082639,-0.522212,0.054355,-0.08846,0.209748,0.145649,0.048162,-0.361206,-0.112353,-0.343043,0.038131,0.212767,0.019363,-0.070691,0.197552,-0.01377,-0.032466,-0.091191,0,5787594.0
-2.450605,-0.725278,-0.516654,-0.670372,0.287254,-0.216752,0.825934,1.11933,0.510172,-0.41985,0.266995,-0.35777,-0.607209,0.527559,0.072617,0.377797,-0.12988,0.330447,-0.147694,0.132222,-0.264187,0.187475,0.062616,-0.203974,-0.553234,-0.203092,0.341368,0.176191,-0.264276,0.17366,0.015559,0.283733,0.045303,0.173092,-0.101772,-0.045028,0.001807,0,9262754.0
-2.703335,-0.702396,0.725346,-0.472858,0.561417,-0.223534,-0.355292,-0.565316,0.364617,0.668089,-0.176769,0.115428,0.302928,0.481456,-0.055029,-0.135566,0.078948,-0.06286,-0.008633,-0.002626,-0.224497,0.090124,-0.084348,0.174544,0.19893,-0.150383,-0.137412,-0.094239,-0.073925,-0.043844,-0.213613,-0.087947,-0.020178,-0.112796,0.004941,0.034977,-0.063065,0,2544857.0
-2.535175,-0.98068,0.585335,-0.509946,0.424145,0.395108,1.00673,0.832121,-0.553579,-0.188182,-0.048885,-0.307827,0.091176,0.477683,-0.171746,0.143681,-0.304641,0.365628,-0.446003,-0.134052,0.555269,0.345179,-0.275464,-0.406335,-0.127925,-0.317362,-0.065703,0.018629,-0.075103,-0.192558,0.016225,-0.07623,-0.143708,0.099936,-0.097388,0.091941,-0.101342,0,7217634.0
-2.760759,-0.537368,-0.045469,-0.820565,-0.192212,-0.077997,1.268626,1.345625,-0.448083,0.187948,-0.193585,-0.76014,-0.138841,0.37618,0.542655,0.491531,-0.403754,0.285398,-0.41635,0.065343,0.221423,0.151925,-0.123995,-0.312707,-0.263419,-0.151732,0.331221,0.245154,-0.310609,-0.019793,0.042028,0.188885,-0.023753,0.076265,-0.044828,0.034323,-0.050921,0,6363241.0
