attr0,attr1,attr2,attr3,attr4,attr5,attr6,attr7,attr8,attr9,attr10,attr11,attr12,attr13,attr14,revenue
-4.7850982289,1.2612640419,-0.603999337493,1.0623986723,1.27485229718,-0.916850868583,-0.300833711063,-0.762643628427,-1.64863584172,-1.27059014371,0.589162189323,0.0576009516586,1.81968922399,1.54729947115,5653753.0
0.735709069043,0.0377579985485,0.259144638629,0.66591401246,0.806153848118,-1.18587357948,0.906120709757,0.0278627882466,0.387333107077,0.095028426126,0.173431759406,-1.10539692255,0.816324192762,-0.539245923407,6923131.0
-1.47069959129,0.107348531219,0.336204599119,1.21527627131,0.969442920698,-1.58761143895,1.07600128499,0.283824866039,-0.225172643577,0.432415669007,-0.235939661304,0.511013539534,-0.710516935224,-0.765609606382,2055379.0
-2.78405309674,3.99510975455,-5.03273772724,0.0127699451972,11.9167773242,-2.69129969248,1.4300130728,1.96921506216,-6.02842709219,-1.32067233998,-1.54658540673,7.66839513403,-0.25422362749,-0.259667523488,2675511.0
-7.37009708299,1.10040172308,-1.89930084081,1.09712943776,1.02785909919,-0.788720990157,1.53139576933,-1.7242770163,-0.927601172839,-1.03926359532,0.907346744178,-0.00790155796145,0.0413819344293,1.28596245244,4316715.0
8.26029126909,-3.26792099828,1.75586363355,-6.05750621556,1.13295248592,-3.37065096298,4.05667199394,-1.33179156731,1.73360006241,-0.0367021391963,-0.804658691561,2.17862295231,-1.76823645621,0.56586239351,5017319.0
-9.16564446358,0.983020855412,-1.84366925607,0.292128479897,-1.57110786555,1.89551987368,2.01594659426,-3.46804548276,-1.91648445563,-0.0430318005626,1.74872010703,-0.410770082739,-2.36570970397,2.10017861316,5166635.0
1.19891251853,-0.58713066696,0.540931996738,-1.59258697358,0.0667220000326,1.35642350349,-1.60322716095,1.05338348082,0.474172882274,-0.375368185157,-0.425687830906,-0.619339057203,1.80741599747,0.0262960006057,4491607.0
-10.6937846205,1.59317477458,-1.10747000912,3.14644349279,-1.00630950477,-1.70300789516,0.191470413379,-1.10771591333,-1.96730659792,-1.74621934521,0.801459418137,0.774300459318,-1.7591988042,2.14916322444,4952497.0
20.9012790409,6.8213468066,-1.10986375076,5.304515624,0.855870525594,-4.37984064427,3.99712997705,-1.83937322597,-0.695305548007,0.518857070483,1.12795127368,0.350298858068,-2.09991631684,0.188922641602,5444227.0
29.4738873276,-4.28585412316,0.93266758635,-1.96029083514,-1.81143231263,1.98489843283,-2.1207132872,0.345159799538,1.999764789,-1.43407157728,-1.77603137354,4.21538859407,-2.87152439959,2.44490930607,3745135.0
-7.6467694243,-0.822864026022,-2.13388868043,-0.113152589238,-0.846335241375,-0.151833802394,0.677186350098,-1.75143580714,-2.13473462357,1.21043804644,1.16807175912,0.230531574459,-1.01805000513,2.68993347097,5161370.0
0.45944867415,0.0764660253671,0.211040418486,0.726353043404,0.519677195484,-0.0478783732604,-0.873529972035,1.00862337163,-1.84874606128,0.560620651582,0.181820720154,0.381528793858,-0.558447144374,-0.817918244195,1734634.0
0.8719214421,0.324559186462,0.404276981775,-1.26530160009,0.775296635619,-0.687578748572,0.382695580058,0.28778282967,-0.444082856955,0.230328179383,0.389765866642,-0.970813944654,0.532572333324,-0.625940183962,4807746.0
0.371214779425,0.14128149703,0.181750250959,1.05451545668,0.622531438514,-0.560518257869,-0.194485374621,0.631648968923,-1.19402477058,0.399746764721,0.278904601317,0.0439070000004,-0.558752052344,-0.5934103151,1999097.0
-9.25625568989,2.14562534123,2.18028163796,-6.74507414549,-9.088406315,-10.9703239406,5.83636711873,0.0893441212197,2.97313719378,7.31053199595,5.47902950787,1.1882533171,0.725181183639,4.84233091184,3218918.0
-0.734817091008,-0.71070895232,0.598466212645,-1.36340766103,0.608176826333,-0.230338132034,-0.164513451339,0.606471039707,-0.469949403595,0.164705322866,0.0476302029148,-0.320293093901,0.325934575559,-0.454128124636,19696939.0
-1.62540292654,0.0802681173979,0.323747241228,1.22181200984,0.70960683654,-0.823084220741,0.364092989178,0.5192835736,0.262770277512,0.150635147965,-0.535129430722,0.513207605935,-0.109124867347,-0.490218496337,8213524.0
-6.19012627637,1.21051654799,-0.27736380292,-0.138508897134,-1.70463913396,-0.460236626147,-0.754617038808,-1.98843763193,-0.989056069529,-0.423034098772,1.48386184519,-1.88618912379,-0.330510686558,1.43307117056,5337526.0
-1.32560408768,0.86153289814,0.127383379887,1.77401780134,0.683457012616,-0.683203260277,0.136132455899,0.587037411496,0.0305121890042,0.129298214939,-0.207795110337,-0.115956067821,0.234796667982,-0.469482137829,2021934.0
-5.42072662928,-0.256340187014,-1.74274284136,2.61022637108,-0.577826342085,2.75441715472,1.13893268043,-1.28055614947,-2.42920674368,1.03206045761,0.411420638652,-0.552409453141,-0.319261278416,-0.148914952469,5525735.0
1.33204389205,0.795867715615,0.313216437211,-1.6590552578,0.188542461352,1.40017367561,-1.59483673272,0.994435212403,0.269316243152,-0.318576134686,-0.124011064208,-1.56467497448,2.7585297745,-0.20434876062,1149870.0
17.7114616344,-2.05965432057,0.848876448501,-4.65536972827,1.11563913779,-3.96125597327,3.68676153326,-1.76050694304,-2.93867497249,1.03019516411,2.51839269371,-1.46678607611,-1.97487729232,-0.631742559029,3956086.0
-0.883290597204,0.507878373284,0.306460397653,0.694051627639,0.413805954702,0.368091204347,-0.809298840548,0.977288051245,0.207290743309,-0.0127243092122,-0.756265445019,0.680608167982,0.501603172189,-0.161320324452,2999068.0
-6.09273468086,0.944008554483,-1.76167752558,0.331133213802,-1.09615538802,1.17088531464,0.592623926018,-1.01444141719,-0.200074141989,-0.0240912357893,1.30759959047,-1.4311522505,0.439538114555,0.390728643762,8904084.0
0.372468576638,1.06554093138,0.265924762874,0.727358027239,0.912209247993,-1.47898346595,1.31162864882,0.0656590778682,0.983669194828,0.127716655212,-0.538964328911,0.129613836203,0.0529355521837,-0.699015761289,3778621.0
-4.87283785488,1.46211097613,-2.0669322647,-0.530346429199,-0.491993623555,1.04478997267,-1.68459852419,-0.648481816514,-0.446796004229,-0.0746434740542,-0.44599570582,1.4097052563,0.873499374997,0.460331112932,2267425.0
4.10621030338,-1.80920565411,0.581415066619,-0.407020556572,-0.344522470305,1.65945214601,-1.87575665957,1.0622453313,1.56963390463,-0.741362704978,-1.12989273075,0.679771537035,0.75804290071,0.550413940444,5435276.0
-5.91745217662,1.01221977584,-1.31094010811,0.154519648975,-3.49471287603,1.12682462954,-0.98298943223,-2.0227295326,0.00539045110367,-0.874604740389,0.709192511058,-1.46261143896,0.640583118648,1.5693759807,4705945.0
-2.73673175979,0.595233828122,0.0715177082761,2.7521161115,0.265302137176,0.917024800719,-1.81267289704,1.5816239818,-0.479583876608,0.133017424975,-0.940828524536,1.32044461545,-0.0942455115614,-0.316176778772,3447890.0
-2.42334636244,0.500179787504,0.0209579765062,2.83896448959,0.760218470883,-0.720017454189,-0.30337527238,0.947448089945,-1.40680704669,0.619041300149,-0.0718216502519,0.930486498914,-1.45999805464,-0.919908221967,3008199.0
-6.18147211278,2.22988555473,-1.52034704346,1.01400793098,-0.361029609503,-0.116190802701,1.455321352,-2.40494949358,0.407715368411,-0.488296980614,0.694408385917,-1.25073831623,-0.451216858219,1.24812306753,2058644.0
0.768065679514,2.68640439692,-0.156531953626,2.18329046586,0.588276947605,-0.318419971092,-0.0936810319832,0.613658644961,0.24620286098,0.110017788192,-0.440059783094,-0.04784330183,0.838427620446,-0.465129371658,3261924.0
-0.326530490541,1.32451226992,0.0529531855892,1.78479671716,0.875603504201,-1.36094946997,0.805328253654,0.288582816268,-0.327581477608,0.355526630465,0.0543849623238,0.115038350856,-0.607806657481,-0.672253625105,2371202.0
-0.358303355674,-1.00346852855,0.711325330371,-2.0457019754,0.563852448879,0.0672359354383,-0.220194851465,0.564218592526,0.40639788665,-0.101602666693,-0.217334567994,-0.633714680615,1.19107461127,-0.223557359849,4100886.0
-3.36633700514,-0.844202787809,-1.24662798992,0.640945605062,-1.40332243072,2.61201753676,-1.17659355298,-1.52897784756,0.756252548073,-0.28111362239,-0.498069858578,0.594780299336,0.947046543707,1.76458237232,3903884.0
1.16487417967,-2.02778186909,0.67867370985,-1.32419009399,0.407672421766,-0.187910801378,-0.265180382665,0.480750948404,-0.510393207099,0.0513326407462,0.298254511486,-0.366167801211,-0.13325879227,-0.191737153952,3028267.0
-6.58391479824,-2.28413134291,-0.850615093345,2.51217846688,1.05757187888,-3.18319182901,-0.511408249667,0.217905234863,-2.38205051189,-1.01504348864,0.0466847778772,1.56246802624,0.448421058513,0.282954838734,2740687.0
-0.734817091008,-0.71070895232,0.598466212644,-1.36340766103,0.608176826334,-0.230338132034,-0.164513451339,0.606471039707,-0.469949403595,0.164705322866,0.0476302029151,-0.3202930939,0.325934575559,-0.454128124636,5461700.0
-5.70665322258,0.197574240255,-1.02994835957,-0.135288593103,-0.563068715026,3.01871852356,-0.560372119472,-1.23147770054,0.209297803263,-0.437507000122,0.462221738649,-1.60223147428,0.168629538648,-1.80485047969,3818055.0
-6.58137507293,2.35417421846,-2.10226059164,-0.65746711379,-1.9926012984,5.1309380473,-2.97555905637,-1.46451509475,2.70084227047,-0.85846911851,-0.477165721849,0.493923539953,-1.44857178409,1.08134733698,6836483.0
-4.84974333328,-1.0675573258,-1.93109748583,-0.088836248131,-2.86878817571,3.91681407613,-2.06220435009,-1.3363678228,3.72473044562,-0.452594967171,-0.338999654347,0.252309087979,-0.229750752838,0.707098853555,4554237.0
28.6725295398,-3.97816236856,0.394344500964,-0.536436024895,-0.67080847757,-0.573797602888,-0.0173674091044,-0.877090066099,-1.87889649138,-0.0166004998735,1.46048419414,-1.45363200425,0.774712083046,0.885466153192,4952255.0
-1.51063325287,0.037041672775,0.302129351669,1.24353398032,0.90763219253,-1.40490789117,0.898620783826,0.301477429278,-0.149423917668,0.3671711842,-0.20317474426,0.367473438705,-0.582251561103,-0.752434893118,2732645.0
-7.55335899142,0.549757645627,-0.628019033759,0.120849149846,-0.680394111623,-3.13075167022,0.22154570933,-0.581484967989,-2.21532621834,-0.136090613216,-0.104466802649,1.44555334688,0.396639377969,0.45709948834,4264176.0
9.51921438791,-5.00474063923,1.87817997951,-10.2489919841,1.33287640608,-3.01343395877,2.60301293134,-0.825857003157,-4.72591433798,1.48000542139,2.45305390911,-0.0037912300346,-3.88589020002,-1.26160811355,3752885.0
-6.38751168742,-0.547276490235,-2.66807791202,-1.21655976369,-0.216207435216,-0.673752523093,-0.190230935126,-1.21337865375,-1.69834834464,0.309149265945,0.054897521875,0.784059088046,0.782209280807,1.30937684529,4250758.0
-5.33298536935,-2.37597161544,-1.12670236566,0.30420645866,-2.21458824042,3.80991409712,1.2207701206,-1.78533571739,1.30815136918,-1.55895640136,1.03961061177,-1.60880486619,-1.04650183969,-0.529927300728,7865428.0
3.90955306998,-1.62125856634,0.493012033475,0.0319484022055,-0.0935194091462,1.05336102845,-1.49785685107,0.936187500171,0.440586486829,-0.374106011038,-0.543221740657,0.0347168014849,1.03129281752,0.286804992475,7201784.0
15.0933036537,2.88731446028,0.493297340481,-3.27985969087,1.99763548661,-6.3514956683,7.81986233971,-3.50160968198,3.31495366331,0.142881491431,0.537294638129,-1.57073399045,-0.0387770507415,-0.313018181088,8630682.0
-2.68193562652,1.17128607511,-2.16671195978,-0.651397427458,0.841633864016,0.762954978281,-1.39840714186,1.27777450474,-0.230245517566,-0.261952568368,-0.055262445749,-0.984246560757,0.338505002851,1.40111990699,2156098.0
1.79923582596,1.32447605102,0.0654467186949,0.981863842489,0.336514334911,0.385457510325,-1.23785007785,1.16134894324,-1.50205929338,0.416795068397,-0.176603099557,1.07833384779,-0.928234118481,-0.554017596928,3273041.0
-2.25155849814,0.389914635351,0.122117500922,2.28612463758,0.597409687823,-0.182402781372,-0.58738261413,1.01652687318,-0.437490385818,0.317917009192,-0.487679924695,0.593760512087,-0.185024938925,-0.712589431716,1763231.0
0.0757923095219,-0.172984956501,0.487984348875,-1.09446673643,0.68876689206,-0.455620369175,-0.00618694942176,0.589381042509,-0.572582955226,0.247385562015,0.0578844978515,0.0307975161718,-0.449163793355,-0.631457682358,5595267.0
-1.88225092622,0.022606808381,0.338030189533,0.904993402113,0.236151301649,0.944391200107,-1.46530441598,1.3175628355,0.470252716246,-0.17168457456,-1.00372510876,0.784811360308,0.503870804445,-0.157083350972,4651866.0
-1.36290972711,-0.0646638089306,0.383356508154,0.81732503343,0.952486860631,-1.67762814345,1.28351759954,0.0749889328879,0.152842154014,0.232997499033,-0.00258800239196,0.0948186501015,-0.726078977535,-0.444982710005,6941173.0
1.86568144774,0.098702708875,0.441622276697,-1.27401303347,0.11133545924,1.32021878277,-1.63176793197,1.1197339093,0.152300437525,-0.240285654856,-0.514456808845,-0.211548601607,1.50743545563,-0.0333661363108,2390534.0
-1.28195642415,-0.258497621553,0.412392748499,0.310146612109,0.785196612676,-1.0242862398,0.548822087886,0.359141517608,-0.212426667168,0.19188526142,0.0035773669782,0.147932309717,-0.597256907854,-0.377754652753,3258837.0
-0.791231221878,-0.551299282903,0.498172882772,-0.555736736458,0.845728580968,-0.967633007847,0.515760908013,0.394344474207,-0.468538195877,0.346885862466,0.0965086389517,-0.267995399837,-0.0250012250091,-0.811351822287,3004429.0
0.598412727668,0.565218852313,0.312458542327,-0.502155200969,0.807822289924,-0.886450334595,0.634665647287,0.187013581183,-0.0637044097444,0.211037067231,0.213864510756,-0.906520449036,0.654400029992,-0.679908151678,3600467.0
-6.69885342922,-2.22310957955,4.91763941867,-7.08300831445,-1.63641577844,-10.3536778072,-0.229007092701,0.103820708012,-3.35174775791,-1.26950844819,-0.547483942178,3.04245785306,2.06541750246,0.322021068614,3164972.0
15.9029814782,1.39574599967,0.828960478186,-8.01320337849,0.848622048301,-1.62800935569,2.34595178875,-1.25017731822,-0.193863250946,0.129915731255,1.28936735631,-2.50336848552,1.70987580389,-0.335845316602,4350573.0
-5.81114012169,2.09851884492,0.641449146772,2.38467345656,-1.71991578534,-0.422702532703,1.1152468832,-0.861592546878,1.20839258435,0.359149061229,2.68809426511,0.233474162132,-1.02043738888,-1.04335408798,5286212.0
-1.11786432118,0.884594926409,0.102031873528,2.04788465227,0.899074451948,-1.28158032424,0.552411131132,0.536777527626,-0.733542219266,0.5388261622,-0.174908828518,0.638225865339,-0.880472226808,-0.94994571628,1619683.0
-22.0799741195,3.31218601855,0.991452978316,-4.05670510392,-0.941217451,-8.06834708252,3.91453590526,-0.995504337948,4.70325043937,0.641076219205,1.11708032085,-3.48908596513,-5.77205726502,-4.13971919825,2551252.0
-1.43582816965,0.014683716643,0.296384756192,1.12425029547,1.01732484378,-1.67987125988,1.26361517072,0.109059415171,0.0323641934934,0.37842972319,-0.0593520366138,-0.281367334065,-0.0948172769668,-0.924728202144,1756069.0
0.415778920823,1.04080839806,-0.0910410719776,2.18741746125,0.404015036428,0.340178640886,-1.33847208365,1.15703821908,-1.66915138302,0.438664312655,0.175087358589,0.27576135755,-0.531918726317,-0.589735828436,1882131.0
2.96336328736,-0.243290812873,0.430907799631,-1.18160109603,-0.242900264415,1.82372769252,-1.94756881975,1.01749681033,1.33786247032,-0.825664692201,-0.503000010398,-0.749757724181,1.98033152836,0.642301767047,4052733.0
-9.8688732499,1.80421838091,-1.72328564953,1.97935009157,-0.242354191729,-1.70765566009,0.641138420141,-2.76730321339,-0.14455254893,-1.66721128111,2.01060854006,-0.35254102719,-1.20871303978,3.8915726089,3836721.0
-0.247126574282,1.38649304658,0.0738545025954,1.79382961895,0.915782790988,-1.51748393215,0.905990720698,0.31699220922,-0.455344509834,0.434752795213,0.00482311601687,0.363574885029,-0.815130196896,-0.776053998158,3452382.0
1.4523200514,-0.693923248634,0.498702549365,-1.57294638089,0.593389945392,-0.327081182276,-0.0367586152319,0.352853255199,-0.695553799644,0.169494041563,0.599779377649,-1.24532455381,0.72393025954,-0.467373557613,3982767.0
-8.93433692828,2.017200927,7.34748048923,-6.46958640041,-3.59062777574,-2.27978830223,9.56645643866,-8.18556591771,1.37567344706,0.801083799982,1.53448295735,-0.163249090969,-1.06855579122,3.86911163816,4136425.0
-3.95111169102,-1.56436563223,-0.956110499231,0.105860389344,-1.7910638872,3.28307015934,-1.8261015398,-1.28522322447,1.85387397956,-1.66026441583,-0.39027357794,1.35529688193,-0.106408614204,2.41255473653,2525375.0
4.10029136693,-1.85249229923,0.631316816934,-0.634085919064,-0.63077432256,2.49428709739,-2.61543802642,1.34029735207,2.35516390236,-1.14587647079,-1.55648685817,0.71927438409,1.59198510413,0.963892368538,3347767.0
1.88115359612,-8.69937232924,-6.43803909846,2.30325178774,-1.18103140334,1.64106119422,-2.93294447064,-2.75001930863,3.54163934698,-1.04591614152,0.742644615835,-4.0546947936,-0.935369902847,-0.214825444252,5500818.0
3.71045492241,-1.18688949707,0.637882494368,-1.46917415496,-0.648687479756,2.77690407236,-2.60517550263,1.24894951331,3.0472532337,-1.3629557514,-1.61298536372,0.0698247375676,2.44562902835,1.0860136914,16549064.0
0.251297523528,0.706022211316,0.225819756384,-0.0484186464597,0.689215395556,-0.44448796172,-0.345298235895,0.773526672451,-1.75943835087,0.548596711774,0.44408100296,0.1176507312,-0.819848148484,-0.802427769305,4590423.0
1.97865988282,1.49003896603,0.262689785231,-1.3826357994,0.177451827631,1.22685461917,-1.56542414468,1.05698167043,-0.415067535394,-0.14694496219,-0.0677860639553,-0.377339342763,1.29242211691,0.0710154225884,1904842.0
-0.048180693438,7.63346970944,-2.62133482186,-0.75779397606,5.02068459528,-8.09673510894,-3.75917783306,3.28141799896,-1.98614536653,-2.4319533667,-1.44725476301,2.81510478474,4.26508175376,1.06017287687,3871344.0
-6.54938099771,-0.572843664016,-1.66835215979,1.71566364345,-1.59800784381,-1.47429596237,0.551316134267,-1.43614226954,-0.481966024369,0.141770151148,0.808223900973,-0.815044647498,0.847105785468,1.09071087809,6313221.0
1.98483653517,-1.60675137086,0.608667133004,-1.54237733795,0.257395279757,0.394487367018,-0.653793197042,0.517955245594,0.415009927573,-0.352236249187,0.151177963007,-1.12945848107,1.18402310008,0.0824541959725,3727364.0
-0.111406781091,-0.089275789439,0.48237770304,-0.898794364379,0.522652770193,-0.0340611073322,-0.493732054949,0.833254899438,-0.706940394555,0.242028056572,-0.143664212419,0.649724375023,-0.740388837462,-0.482295201194,4066618.0
2.01731038027,1.14289569038,0.12892276363,0.574329106184,0.271939549874,0.63831461944,-1.34934728453,1.1484727923,-1.03045418448,0.221793406556,-0.356354772913,1.11564758098,-0.594407425651,-0.313889244586,3807496.0
-10.5128155415,1.07872551177,-1.67071630837,0.241673568531,-2.31458811747,1.25406681831,-0.0114905699788,-1.63155254363,0.464057455453,0.724643586942,2.21809862194,-0.292387490426,-1.99711346274,-0.838916295446,5966193.0
-7.31056204303,-1.20099570586,-0.42671756338,0.670296386975,0.129919554393,-0.19815552738,1.40191633971,-2.34473785985,-0.358598901214,0.353981106633,0.262635126986,0.148469980947,0.202960600351,1.60433720453,4250553.0
-0.655268482552,-0.724002387052,0.618534679455,-1.42728920494,0.676201725132,-0.428943544428,0.0361800534529,0.540661115036,-0.576949757135,0.250112290253,0.0896025395063,-0.230795731045,0.110707282215,-0.516006642451,7495092.0
1.02254963055,-0.384375672963,0.376627889685,-0.660349812216,0.482816721895,0.134675990745,-0.83650336936,0.862523221639,-1.49317015296,0.389160334442,0.351150403306,-0.310879551242,0.120776500796,-0.675879813498,3351383.0
2.84509446387,0.392928241447,0.39214880415,-1.77313056176,0.132297677795,1.02189222884,-1.04280465946,0.649928401523,1.12387835167,-0.576383782286,-0.158446824362,-1.25639123598,1.77633537466,0.164448050764,5906596.0
-2.3568060103,0.40458993046,0.0919917844965,2.49461212005,0.583879901361,-0.283900791402,-0.603028275501,1.01737715574,-0.835741664618,0.381849972294,-0.34365879234,1.01275299091,-1.04668945703,-0.618057819576,2025297.0
-7.86257784591,1.86509103995,-2.16991225053,3.30031529353,1.73470925824,-2.29380838265,-0.632743612072,-0.452585281426,-2.69935738321,-1.31843097685,-0.53441685636,-0.082264535898,-2.01329186615,2.70114508376,2364478.0
15.2983448645,2.09015350309,0.603315149888,-5.90414868332,1.36536786706,-3.64163814368,4.48109354615,-2.11470545221,0.260817861308,0.442811100126,1.3963352639,-2.48843447177,0.834016537613,-0.714718786978,3426169.0
0.356601917087,0.320040506536,0.153808226365,1.42320744705,0.808703012139,-1.22274540672,0.667100383928,0.257471073737,-0.494566554284,0.381352034254,0.196240484179,-0.49779673014,0.0791977568256,-0.798919433624,2083447.0
30.7526606261,-7.82282586321,0.806821555484,0.732358779795,-1.19588990587,-0.406571337129,-0.178340603346,-1.10707655015,-0.941301666452,-0.533936703396,1.12543910956,-1.1645804676,1.05525193248,2.32667501998,6782425.0
-7.29116792837,1.33338202366,-0.138553378039,-0.152685431597,-2.02909048067,1.78705740686,-0.442276897275,0.305376344269,-0.969999379426,-0.94949479086,-0.082541418175,-0.494506143323,0.457270752732,-2.24345711411,3410878.0
-8.14032592613,2.22066530211,-1.17766203409,2.09170759129,0.0705893367067,-0.37872687634,1.35072920845,-2.51385375706,-1.73518720955,0.697690429762,0.578869682434,-0.184451414751,-1.17695224278,2.5139802666,3753720.0
-1.4994793088,0.105986520479,0.308336244765,1.30600626667,0.952955255954,-1.52386512584,0.976166826453,0.321856837266,-0.284130966691,0.434931951206,-0.229246238696,0.50803036646,-0.707324369941,-0.819313672962,1270499.0
0.62036731147,-0.43540710109,0.223985091316,1.59987776687,0.392559822174,0.0351240496721,-0.415949163355,0.585573234779,0.673861877151,-0.15857392051,-0.427180157896,-0.859413676223,1.88399075144,-0.218072185539,6412623.0
3.00688107681,-2.2910020038,0.535332529268,-0.0805073967561,-0.166789443518,1.24021540503,-1.70229959272,0.874417468169,0.305887537273,-0.537969579649,-0.16465222784,-0.4695419392,1.19386147724,0.695350557115,6694797.0
0.490981829966,0.318214364255,0.388334424612,-1.29072373104,0.202001450328,1.30976057126,-1.79262066492,1.25879413136,-0.704768881634,0.0623925210668,-0.210452443409,-0.128701164699,1.06190071982,-0.33093625709,2344689.0
-7.89614620708,2.26595346994,-0.811156465005,-1.40850078231,-2.65102657661,4.69796828472,-1.2336801534,-1.66832038561,3.55249561118,-1.04486725812,0.124269725737,0.26504514618,-0.749618678236,-0.268725179392,13575224.0
1.83371662813,0.691124301886,0.464790402118,-2.02626670374,0.559278022786,-0.233428135068,-0.0790892908756,0.481797888745,-0.548685753632,0.0956600062695,0.352409480772,-0.220953662871,-0.367578645889,-0.231586841382,9652350.0
-5.29460807037,-0.368788594785,-1.56117570839,1.59932072445,-1.7858690044,0.911147126469,-1.1267539362,0.265704100279,-0.268888862053,0.387959697216,-1.44049187077,1.61832586427,-0.918451496804,-2.55874202102,4758476.0
1.62545589394,-0.148936867746,0.213868512293,0.729586010512,0.352514718269,0.350317931101,-0.948182255927,0.838955411086,-0.665773849926,0.166669853741,0.00437224264142,-0.884652461542,1.5230088917,-0.529835514738,2738052.0
-0.545382045255,0.207986009281,0.299948808813,0.166952350162,0.692515517371,-0.54827960896,-0.0657527400523,0.624588364364,-0.870724736739,0.31641828746,0.168471635098,-0.0307574012092,-0.3336700422,-0.619278784876,4429512.0
-5.79515418684,-1.64798192989,-0.0798905790799,0.242022268121,1.65407416929,-0.546110901568,0.153719029239,-0.882099963459,-2.12353797687,-1.18534603298,0.616837055521,-0.621295594283,0.728546233032,2.21387620672,4467728.0
-2.48170790607,0.461536537675,0.0132053973455,2.75727023928,0.715300266673,-0.736753827541,-0.242761495197,0.847394640609,-1.2265843534,0.507575033296,0.0845234372414,0.537394663893,-1.2889116324,-0.822714554844,2792031.0
5.63373756699,-1.59272884494,0.730923919115,0.366994954489,1.52545232434,-4.38362474526,3.72119766834,-0.736383947874,-1.65301440573,1.35394620413,-0.076766915883,3.47642420873,-5.28518159774,-1.18527385785,4888774.0
-5.25872578486,-0.474788442445,-1.67287075014,1.28402903216,-1.41126995437,0.859635456114,-1.50296543323,-0.793749163524,0.0285080352778,0.544948725547,-0.120119603245,0.271945594367,0.665183294266,1.04396958095,3248660.0
-2.57189078026,0.46524954594,0.0548691051212,2.57201109582,0.535845432278,-0.0800105576939,-0.793336516868,1.04318790191,-0.729659818579,0.250729556566,-0.191051286215,0.509257656172,-0.643130218931,-0.439573523616,3570392.0
-1.16786186338,-0.230815871499,0.558378546515,-0.180179794128,0.487061255249,-0.0594022163477,-0.226099236866,0.728188572966,0.658217507286,-0.153532720482,-0.782059189464,0.75841833914,0.338078037358,0.107020375571,4219263.0
-8.81071455513,-1.58098921657,1.56667089286,-2.0359285815,2.34101796666,-5.14039655602,3.0947717695,3.91098900772,-4.18599750026,1.86833215379,-2.7296327723,5.54705502383,-0.857343253901,-4.33490102803,2954086.0
-1.57941675591,0.11938591636,0.264769740766,1.4667459758,0.972977413367,-1.55056111822,0.937098916897,0.331635680929,-0.384423556442,0.43615477339,-0.0694817086014,0.27774507382,-0.751824407762,-0.855829499685,2993069.0
-6.12555906869,0.45914870454,-1.20340939962,-0.559987737882,-0.792868355474,1.93604656313,2.00802422938,-2.17602407543,1.68223815954,-0.330892938854,3.28163343545,-0.45884625986,-0.178014742391,2.71228828053,3784230.0
-0.367127161798,0.123927356053,0.333306315356,-0.112756556651,0.747524702155,-0.665966703256,0.178475825663,0.482596725781,-0.526329928752,0.274822241655,0.137447385383,-0.421592388121,0.159527256876,-0.707926945002,2097022.0
-3.03749870609,-1.0900480467,-1.71417595987,0.446148859119,-0.48334467503,2.2182260788,-1.30454588349,-0.982348479089,1.21061547044,-1.25609892595,-0.432025249872,-0.0453198201924,0.0903974684906,1.19515241302,4155435.0
-22.4823577233,-0.0896430197457,-5.84177510009,-4.99920170435,4.46917080359,-13.3761875094,1.94898781051,0.00169602753535,-1.8238681643,0.276921837906,2.36069831745,1.33011236376,-4.10718890029,6.77593944827,4882985.0
-0.715622886928,0.4334006215,0.318549144679,0.577117927108,0.611042057632,-0.364609536569,-0.113233552858,0.685203796217,-0.0204441970145,0.0999652773945,-0.338764871253,0.354705968704,0.0192150629754,-0.294818943335,8894598.0
-3.25696666636,1.54122202088,-0.436843847629,-0.683026956325,-1.05154053864,1.66804825353,-1.73005520254,0.485222815584,-0.180451686094,-0.960868406764,-1.67981564525,2.50661464147,1.86491328551,0.328874645772,2018785.0
-7.2221979498,-0.856515162577,-2.90225486934,-10.2293156926,13.6610127923,-3.09888033963,3.95224132305,1.34503055205,-1.951506626,-0.859718442861,-2.72146355288,-5.37795001583,-1.45332449647,2.74110764607,1847826.0
-0.106450461723,0.229271764673,0.418163092067,-0.131551778911,0.922283726506,-1.4432877106,1.23716480023,0.0737824711155,0.565725917226,0.189781741264,-0.202619521972,-0.27126830811,0.0274543037993,-0.782731306805,3780019.0
2.33961860001,0.454350740192,0.142734290816,1.08263039336,0.286868030265,0.226669066358,-1.02721476811,0.963308358368,-1.16521896893,0.261106189878,-0.0403000271077,0.658565644083,-0.625115777037,-0.32990020142,4067566.0
-0.727188797243,0.48798857659,0.270058164843,0.733482982885,0.791225250146,-0.958897166226,0.425848878267,0.443157302731,-0.483119828648,0.306757731034,0.00892680204793,0.151753738814,-0.448496910097,-0.549650486563,3445076.0
-2.49371751624,2.32908167032,-6.08384701531,-2.59562386832,1.79539238236,-4.0743725589,-7.37340047948,5.59657474781,8.86876994495,1.3687932574,4.86960174329,-1.87635825964,-1.2701209935,5.4814773821,4286645.0
-2.34935944161,0.379831683526,0.0782786013192,2.54417337138,0.62378299518,-0.292074069958,-0.617595312589,1.02450622859,-0.928664400333,0.412157345926,-0.287686426156,1.02589959935,-1.19129732835,-0.613031961746,4263629.0
-1.24944189493,-0.60655399295,0.381286091894,1.55709076494,0.621862309776,-0.764055208112,-0.0725657427469,0.832917994792,-0.838224072875,0.394233470433,-0.263533740359,1.3809727619,-1.75829816743,-0.454544588025,3810007.0
-3.52006209249,-9.72423992592,3.05303948776,3.5941466902,4.58684667641,-0.505048091965,-1.2426482567,3.38063213499,-1.40257006722,2.28652990926,-3.3679356091,5.36772530637,0.546827802915,0.58564086875,4780607.0
-5.2100714435,0.354384188706,-3.20252929128,1.13591168203,-1.7479830055,-0.140913001904,-1.54012851272,-1.72677668308,-1.78904500808,-0.192221420797,-0.0188599999301,0.902917452453,-0.442108278015,1.21510047687,4015749.0
0.192803567323,0.924408262945,0.196623755415,0.568006586976,0.867553388454,-1.19924243536,0.793250304701,0.208643091827,-0.145460301183,0.250664213463,0.19669827121,-0.489697132538,0.00256007966476,-0.632840226983,7592272.0
-1.5136708439,-0.0135648735273,0.315091325224,1.11291678283,0.880304109682,-1.34083107714,0.870740482777,0.262034912455,0.128977356658,0.183637514173,-0.0837757138844,-0.00174570201926,-0.391502107225,-0.511057111651,2383840.0
4.04447801252,-1.76665146551,0.505421875526,-0.186499481626,-0.215246078535,1.23628081865,-1.57386775136,0.900716212752,1.05449544034,-0.606910447195,-0.657294879653,0.051632148948,0.921959879179,0.356062069327,3939804.0
-0.078118273531,1.2400138418,0.113502985797,1.45655216048,0.924672774192,-1.34306508351,0.929779617335,0.236810067446,0.0824190451292,0.301411785917,-0.183647558867,-0.0471476680166,0.018471804986,-0.73574526501,3376145.0
1.33328251235,0.920978995306,0.368501021773,-1.49088239216,0.24158190622,1.03363080864,-1.44108682859,1.06988881951,-0.564325108397,-0.0595315662099,-0.112624316278,-0.167219144177,0.975780036115,-0.0439592260006,3199619.0
0.588802748302,1.65633456704,0.140467742945,0.664535782287,0.332917525821,0.584615838339,-1.18708467443,1.18810975619,-0.405069604225,0.0999916960398,-0.590639269781,0.985577096253,-0.164100053785,-0.304102710786,5787594.0
0.639538169554,0.721759405975,0.446355749072,-0.45354866875,0.536411705529,-0.160285917504,0.17554115418,0.470833566564,1.52032508837,-0.257780135329,-1.00243714039,0.398026199946,0.901514061635,-0.0750604235732,9262754.0
0.0559753924053,-0.56514185571,0.375198783452,0.336258770696,0.79504157417,-1.13532122379,0.552243718323,0.314281657522,-0.769410578708,0.392070591506,0.343065841201,-0.481498673801,-0.158424528441,-0.746882716077,2544857.0
-0.844189093024,-0.254832957884,0.488535961275,0.15191008656,1.04969825039,-1.75533286533,1.6218729543,-0.0833023783405,0.958831585279,0.13279242321,-0.324715296718,-0.412156888422,0.481286280145,-0.662575545287,7217634.0
-0.383833425524,0.405643487516,0.400464811746,0.353418047601,0.749428612405,-0.751360477399,0.692241932001,0.283088255069,1.40911108471,-0.119948001562,-0.787966804144,-0.147825258782,1.23489562623,-0.293197369861,6363241.0
